match_id,timestamp,total_turns,winner,winner_score,loser_score,score_margin,p1_name,p1_gold_spent,p1_tier1,p1_tier2,p1_tier3,p1_gem_white,p1_gem_blue,p1_gem_green,p1_gem_red,p1_gem_black,p2_name,p2_gold_spent,p2_tier1,p2_tier2,p2_tier3,p2_gem_white,p2_gem_blue,p2_gem_green,p2_gem_red,p2_gem_black
1,2026-04-22 14:18:58,54,BotA,16,7,9,BotA,0,16,3,0,6,0,2,0,6,BotB,0,14,3,0,2,6,1,4,4
2,2026-04-22 14:18:58,55,BotB,16,9,7,BotA,0,16,0,2,3,4,2,2,7,BotB,0,11,5,0,2,7,4,2,2
3,2026-04-22 14:18:58,61,BotB,16,10,6,BotA,0,14,5,0,2,7,5,4,1,BotB,0,14,4,1,2,4,7,4,1
4,2026-04-22 14:18:58,60,BotA,15,11,4,BotA,0,19,2,1,1,4,0,7,3,BotB,0,17,2,0,6,2,0,5,6
5,2026-04-22 14:18:58,63,BotB,19,16,3,BotA,0,16,6,0,0,7,4,4,3,BotB,0,12,6,0,1,7,5,5,5
6,2026-04-22 14:18:58,63,BotB,15,11,4,BotA,0,16,4,0,3,2,6,3,7,BotB,0,17,2,0,3,3,3,8,2
7,2026-04-22 14:18:58,58,BotA,17,8,9,BotA,0,14,5,1,6,4,3,1,1,BotB,0,14,3,0,2,2,6,6,4
8,2026-04-22 14:18:58,58,BotA,15,9,6,BotA,0,15,4,0,7,2,3,0,5,BotB,0,16,2,0,3,6,3,2,3
9,2026-04-22 14:18:59,56,BotA,15,3,12,BotA,0,15,3,1,6,1,7,1,1,BotB,0,16,0,0,3,1,5,4,9
10,2026-04-22 14:18:59,55,BotB,16,4,12,BotA,0,15,2,0,0,4,3,3,6,BotB,0,15,2,0,1,6,4,0,5
11,2026-04-22 14:18:59,60,BotA,16,7,9,BotA,0,11,7,0,9,5,3,1,1,BotB,0,13,3,0,7,9,4,2,0
12,2026-04-22 14:18:59,60,BotA,16,12,4,BotA,0,15,4,0,1,3,7,1,6,BotB,0,14,4,0,5,2,5,2,5
13,2026-04-22 14:18:59,60,BotA,15,8,7,BotA,0,14,4,1,5,2,5,2,3,BotB,0,15,4,0,3,4,1,3,6
14,2026-04-22 14:18:59,66,BotA,16,12,4,BotA,0,18,4,0,3,3,4,3,1,BotB,0,18,3,0,5,5,3,3,2
15,2026-04-22 14:18:59,55,BotB,18,13,5,BotA,0,15,4,1,8,1,3,0,3,BotB,0,13,4,1,1,7,4,2,3
16,2026-04-22 14:18:59,62,BotA,18,7,11,BotA,0,15,4,0,4,3,3,7,3,BotB,0,14,4,0,5,5,7,3,2
17,2026-04-22 14:18:59,66,BotA,15,8,7,BotA,0,13,8,0,4,2,6,5,6,BotB,0,15,2,0,5,0,3,6,9
18,2026-04-22 14:18:59,54,BotA,16,6,10,BotA,0,10,6,0,5,2,4,2,7,BotB,0,15,0,0,4,5,7,0,4
19,2026-04-22 14:18:59,54,BotA,15,12,3,BotA,0,15,5,0,2,2,2,2,5,BotB,0,14,4,0,4,3,4,5,1
20,2026-04-22 14:18:59,59,BotB,16,10,6,BotA,0,17,1,1,2,5,5,3,3,BotB,0,13,3,1,3,4,2,5,4
21,2026-04-22 14:18:59,60,BotA,15,8,7,BotA,0,16,3,0,1,4,4,3,5,BotB,0,11,4,0,2,5,7,5,4
22,2026-04-22 14:18:59,58,BotA,15,11,4,BotA,0,14,4,0,3,0,2,3,11,BotB,0,13,4,0,3,6,7,5,1
23,2026-04-22 14:18:59,60,BotA,15,14,1,BotA,0,13,4,1,6,7,3,3,0,BotB,0,13,7,0,3,4,5,1,4
24,2026-04-22 14:18:59,59,BotA,16,15,1,BotA,0,16,4,1,5,1,4,2,3,BotB,0,12,6,0,2,5,5,4,2
25,2026-04-22 14:18:59,60,BotA,16,5,11,BotA,0,14,4,0,2,5,8,4,0,BotB,0,17,1,0,5,8,2,1,4
26,2026-04-22 14:18:59,60,BotA,20,11,9,BotA,0,13,5,1,7,2,1,0,7,BotB,0,15,4,1,2,5,2,4,4
27,2026-04-22 14:18:59,60,BotA,20,7,13,BotA,0,17,3,0,7,2,2,2,4,BotB,0,13,3,0,9,1,1,2,8
28,2026-04-22 14:18:59,60,BotA,17,14,3,BotA,0,15,4,1,3,5,4,2,3,BotB,0,14,4,0,2,3,5,9,2
29,2026-04-22 14:18:59,60,BotA,17,9,8,BotA,0,17,3,1,6,2,0,6,3,BotB,0,16,2,0,3,5,3,3,6
30,2026-04-22 14:18:59,60,BotA,17,15,2,BotA,0,15,4,1,5,6,0,2,5,BotB,0,13,5,0,6,2,3,4,5
31,2026-04-22 14:18:59,63,BotB,15,15,0,BotA,0,17,4,0,1,3,10,2,1,BotB,0,13,6,0,4,3,7,6,0
32,2026-04-22 14:18:59,61,BotA,16,16,0,BotA,0,13,9,0,5,1,1,5,3,BotB,0,18,4,0,4,5,2,1,2
33,2026-04-22 14:18:59,65,BotB,20,11,9,BotA,0,16,5,0,12,3,2,2,1,BotB,0,15,5,0,4,4,3,1,5
34,2026-04-22 14:18:59,63,BotB,19,14,5,BotA,0,14,7,0,1,6,4,0,6,BotB,0,16,3,0,4,3,9,2,2
35,2026-04-22 14:18:59,72,BotA,16,9,7,BotA,0,16,4,0,3,6,5,7,0,BotB,0,16,4,0,5,10,7,2,1
36,2026-04-22 14:18:59,56,BotA,16,13,3,BotA,0,13,5,0,3,0,6,1,6,BotB,0,12,5,0,6,4,3,3,2
37,2026-04-22 14:18:59,58,BotA,15,12,3,BotA,0,12,4,0,1,2,5,6,6,BotB,0,12,5,0,2,3,8,3,6
38,2026-04-22 14:18:59,59,BotB,15,7,8,BotA,0,13,3,0,3,5,8,6,3,BotB,0,11,5,0,5,3,2,4,5
39,2026-04-22 14:18:59,60,BotA,17,14,3,BotA,0,13,5,0,4,3,5,2,3,BotB,0,14,6,0,2,6,2,4,2
40,2026-04-22 14:18:59,53,BotB,15,6,9,BotA,0,14,2,0,5,5,4,1,3,BotB,0,14,4,0,3,4,6,2,0
41,2026-04-22 14:18:59,64,BotA,17,14,3,BotA,0,15,5,1,4,3,3,3,5,BotB,0,13,5,0,1,7,5,5,2
42,2026-04-22 14:18:59,54,BotA,19,6,13,BotA,0,10,7,0,6,2,1,4,3,BotB,0,15,2,0,2,6,3,3,4
43,2026-04-22 14:18:59,58,BotA,17,8,9,BotA,0,13,6,0,2,6,5,4,1,BotB,0,15,3,0,3,6,5,0,3
44,2026-04-22 14:18:59,62,BotA,17,2,15,BotA,0,18,3,0,7,4,0,1,6,BotB,0,15,1,0,6,7,7,4,2
45,2026-04-22 14:18:59,58,BotA,16,15,1,BotA,0,10,8,0,2,2,6,6,1,BotB,0,16,4,0,5,3,3,2,4
46,2026-04-22 14:18:59,62,BotB,17,15,2,BotA,0,14,5,0,6,3,1,2,7,BotB,0,14,7,0,4,3,7,2,2
47,2026-04-22 14:18:59,59,BotB,15,10,5,BotA,0,13,4,0,5,2,4,5,5,BotB,0,14,4,0,2,3,3,5,6
48,2026-04-22 14:18:59,60,BotA,16,4,12,BotA,0,17,4,0,3,4,3,2,4,BotB,0,13,2,0,4,7,10,3,1
49,2026-04-22 14:18:59,57,BotB,15,6,9,BotA,0,10,3,0,5,7,4,4,2,BotB,0,14,3,0,3,3,3,4,3
50,2026-04-22 14:18:59,58,BotA,15,5,10,BotA,0,16,3,0,1,2,2,7,3,BotB,0,17,1,0,5,3,5,3,2
51,2026-04-22 14:18:59,59,BotB,16,16,0,BotA,0,15,5,1,5,4,1,2,3,BotB,0,13,6,0,3,1,5,3,5
52,2026-04-22 14:18:59,60,BotA,17,13,4,BotA,0,15,4,1,3,4,1,8,1,BotB,0,16,3,0,1,4,3,3,5
53,2026-04-22 14:18:59,59,BotB,15,3,12,BotA,0,13,1,0,1,12,6,3,2,BotB,0,11,5,0,3,12,3,4,2
54,2026-04-22 14:18:59,55,BotB,16,15,1,BotA,0,12,6,0,1,1,6,7,0,BotB,0,13,5,0,1,4,4,3,3
55,2026-04-22 14:18:59,65,BotB,17,16,1,BotA,0,16,5,1,2,3,9,1,3,BotB,0,15,4,1,2,2,6,7,3
56,2026-04-22 14:18:59,63,BotB,18,14,4,BotA,0,14,5,0,6,7,0,3,6,BotB,0,13,7,0,7,2,0,4,6
57,2026-04-22 14:18:59,57,BotB,17,13,4,BotA,0,15,5,0,2,2,6,3,3,BotB,0,13,6,0,3,5,4,0,3
58,2026-04-22 14:18:59,55,BotB,16,6,10,BotA,0,15,2,0,4,4,3,5,1,BotB,0,17,2,0,4,5,2,2,2
59,2026-04-22 14:18:59,56,BotA,17,6,11,BotA,0,15,3,0,1,0,6,0,6,BotB,0,14,2,0,3,5,5,4,3
60,2026-04-22 14:18:59,57,BotB,18,14,4,BotA,0,12,7,0,4,4,2,3,4,BotB,0,14,5,1,2,2,5,6,0
61,2026-04-22 14:18:59,63,BotB,18,16,2,BotA,0,16,4,0,1,1,4,6,6,BotB,0,14,4,1,4,5,7,2,2
62,2026-04-22 14:18:59,65,BotB,15,7,8,BotA,0,14,3,0,6,9,9,0,2,BotB,0,16,2,1,6,6,3,1,2
63,2026-04-22 14:18:59,58,BotA,16,10,6,BotA,0,13,7,0,5,2,6,1,1,BotB,0,12,5,0,8,3,5,0,4
64,2026-04-22 14:18:59,62,BotB,16,15,1,BotA,0,12,6,0,5,0,4,4,8,BotB,0,15,6,0,2,1,4,3,8
65,2026-04-22 14:18:59,61,BotB,15,14,1,BotA,0,13,6,0,9,1,0,2,10,BotB,0,11,6,0,5,7,0,4,4
66,2026-04-22 14:18:59,64,BotA,15,13,2,BotA,0,15,5,0,9,2,3,1,4,BotB,0,16,5,0,5,3,3,2,4
67,2026-04-22 14:18:59,66,BotB,15,15,0,BotA,0,14,7,0,7,2,5,4,3,BotB,0,12,6,0,8,1,3,3,7
68,2026-04-22 14:18:59,58,BotA,15,12,3,BotA,0,13,7,0,5,4,1,2,3,BotB,0,13,4,0,3,4,5,2,6
69,2026-04-22 14:18:59,54,BotA,15,12,3,BotA,0,13,4,1,3,5,4,1,4,BotB,0,14,2,0,4,3,2,3,6
70,2026-04-22 14:18:59,63,BotB,15,10,5,BotA,0,13,5,0,5,5,7,0,8,BotB,0,13,5,0,1,7,5,0,7
71,2026-04-22 14:18:59,54,BotA,15,12,3,BotA,0,15,4,0,3,2,2,5,3,BotB,0,13,4,0,1,6,3,3,6
72,2026-04-22 14:18:59,54,BotA,16,7,9,BotA,0,15,4,0,4,1,6,1,3,BotB,0,15,2,0,3,3,6,1,5
73,2026-04-22 14:18:59,62,BotB,16,15,1,BotA,0,16,4,0,3,5,1,4,4,BotB,0,16,5,0,2,1,5,6,6
74,2026-04-22 14:18:59,59,BotB,18,12,6,BotA,0,10,5,0,7,2,6,5,7,BotB,0,11,8,0,2,3,7,3,1
75,2026-04-22 14:18:59,64,BotB,16,16,0,BotA,0,13,6,1,3,3,7,2,3,BotB,0,12,7,0,3,4,11,3,1
76,2026-04-22 14:18:59,57,BotB,15,12,3,BotA,0,14,5,0,4,4,3,3,3,BotB,0,15,4,0,4,6,4,1,3
77,2026-04-22 14:18:59,54,BotA,15,5,10,BotA,0,14,3,0,2,4,5,5,5,BotB,0,13,3,0,1,3,3,3,11
78,2026-04-22 14:18:59,54,BotA,17,9,8,BotA,0,12,5,0,4,2,2,1,8,BotB,0,11,4,0,6,3,3,3,6
79,2026-04-22 14:18:59,65,BotB,16,5,11,BotA,0,17,1,0,8,3,8,0,4,BotB,0,13,6,0,5,3,8,3,2
80,2026-04-22 14:18:59,56,BotA,15,12,3,BotA,0,10,7,0,6,3,3,5,6,BotB,0,14,2,0,7,1,4,3,6
81,2026-04-22 14:18:59,66,BotA,17,14,3,BotA,0,16,6,0,9,2,4,2,2,BotB,0,18,5,0,4,5,2,2,4
82,2026-04-22 14:18:59,62,BotA,15,13,2,BotA,0,12,5,0,5,1,4,2,8,BotB,0,14,5,0,1,6,5,4,5
83,2026-04-22 14:18:59,60,BotB,15,15,0,BotA,0,13,6,0,5,5,1,2,5,BotB,0,11,7,0,5,3,7,2,2
84,2026-04-22 14:18:59,57,BotB,17,15,2,BotA,0,12,6,0,6,3,5,4,0,BotB,0,11,6,0,4,5,3,2,6
85,2026-04-22 14:18:59,54,BotA,15,5,10,BotA,0,12,4,0,4,5,7,1,2,BotB,0,14,1,0,0,11,4,0,2
86,2026-04-22 14:18:59,59,BotB,16,14,2,BotA,0,13,5,0,2,5,7,6,0,BotB,0,17,2,1,2,4,5,1,1
87,2026-04-22 14:18:59,63,BotB,16,12,4,BotA,0,13,5,0,4,0,9,7,2,BotB,0,15,5,0,2,0,7,7,1
88,2026-04-22 14:18:59,64,BotA,15,14,1,BotA,0,15,5,0,6,2,3,3,4,BotB,0,13,7,0,4,6,3,3,1
89,2026-04-22 14:18:59,64,BotA,15,12,3,BotA,0,18,3,0,5,4,5,3,3,BotB,0,15,4,0,7,1,6,4,4
90,2026-04-22 14:18:59,60,BotB,15,15,0,BotA,0,14,6,0,4,3,2,3,4,BotB,0,14,4,0,4,5,3,3,5
91,2026-04-22 14:18:59,60,BotA,15,13,2,BotA,0,13,5,0,3,3,8,4,1,BotB,0,10,6,0,6,7,3,2,5
92,2026-04-22 14:18:59,56,BotA,15,4,11,BotA,0,13,4,0,8,2,4,0,3,BotB,0,13,1,0,11,3,5,5,1
93,2026-04-22 14:18:59,58,BotA,16,6,10,BotA,0,13,5,0,2,4,4,2,5,BotB,0,15,2,0,5,3,5,4,2
94,2026-04-22 14:18:59,58,BotA,15,11,4,BotA,0,12,6,0,12,1,2,4,1,BotB,0,13,4,0,1,5,8,2,3
95,2026-04-22 14:18:59,56,BotA,15,5,10,BotA,0,11,7,0,3,2,6,1,5,BotB,0,15,1,0,2,10,4,2,2
96,2026-04-22 14:18:59,60,BotB,15,15,0,BotA,0,16,2,1,3,5,3,3,2,BotB,0,12,5,0,5,5,6,3,0
97,2026-04-22 14:18:59,62,BotB,16,15,1,BotA,0,17,3,1,1,0,5,6,5,BotB,0,15,5,0,3,3,9,3,1
98,2026-04-22 14:18:59,58,BotA,15,12,3,BotA,0,14,4,1,1,1,6,5,3,BotB,0,15,4,0,4,4,3,4,4
99,2026-04-22 14:18:59,58,BotA,16,13,3,BotA,0,14,5,0,3,6,3,4,0,BotB,0,14,4,0,6,2,3,8,0
100,2026-04-22 14:18:59,60,BotB,17,15,2,BotA,0,15,5,0,4,8,3,3,0,BotB,0,15,4,1,1,2,5,5,2
101,2026-04-22 16:41:50,61,BotB,18,8,10,BotA,0,20,1,1,3,6,3,2,0,BotB,0,15,2,1,2,4,6,6,1
102,2026-04-22 16:41:50,60,BotA,17,14,3,BotA,0,14,6,0,3,5,2,0,2,BotB,0,14,5,0,6,3,4,1,3
103,2026-04-22 16:41:50,60,BotA,17,2,15,BotA,0,13,5,0,4,4,1,4,5,BotB,0,18,1,0,4,5,2,5,3
104,2026-04-22 16:41:50,61,BotB,19,13,6,BotA,0,16,3,0,7,3,6,2,3,BotB,0,13,6,0,4,4,6,2,4
105,2026-04-22 16:41:50,50,BotA,15,0,15,BotA,0,12,4,0,2,3,5,7,1,BotB,0,14,0,0,5,3,3,2,6
106,2026-04-22 16:41:50,61,BotB,15,11,4,BotA,0,15,4,0,5,9,5,1,0,BotB,0,15,2,1,4,4,7,4,3
107,2026-04-22 16:41:50,59,BotB,16,12,4,BotA,0,13,5,0,2,1,5,7,5,BotB,0,15,3,1,7,1,1,4,5
108,2026-04-22 16:41:50,58,BotA,18,13,5,BotA,0,15,4,0,7,6,3,0,2,BotB,0,13,6,0,3,5,5,2,2
109,2026-04-22 16:41:50,52,BotA,16,7,9,BotA,0,15,4,0,4,1,5,0,5,BotB,0,11,2,0,1,4,4,6,7
110,2026-04-22 16:41:50,56,BotA,16,10,6,BotA,0,15,5,0,5,4,2,1,3,BotB,0,14,3,0,5,8,4,1,1
111,2026-04-22 16:41:50,68,BotA,17,7,10,BotA,0,16,4,1,6,4,2,5,6,BotB,0,15,4,0,9,3,4,6,2
112,2026-04-22 16:41:50,57,BotB,15,13,2,BotA,0,13,6,0,2,6,7,3,0,BotB,0,15,4,0,4,5,3,3,2
113,2026-04-22 16:41:50,56,BotA,16,10,6,BotA,0,13,6,0,2,5,3,2,3,BotB,0,13,3,0,5,3,5,2,5
114,2026-04-22 16:41:50,59,BotB,17,9,8,BotA,0,15,4,0,1,7,7,2,1,BotB,0,13,5,0,6,2,5,4,3
115,2026-04-22 16:41:50,58,BotA,19,8,11,BotA,0,13,5,1,2,3,7,2,6,BotB,0,17,1,0,3,5,4,3,4
116,2026-04-22 16:41:50,55,BotB,16,13,3,BotA,0,14,6,0,4,3,1,3,5,BotB,0,9,5,0,3,4,5,2,8
117,2026-04-22 16:41:50,55,BotB,16,10,6,BotA,0,12,7,0,3,3,1,2,5,BotB,0,14,4,0,6,3,1,2,5
118,2026-04-22 16:41:50,57,BotB,15,8,7,BotA,0,13,3,0,8,6,3,1,2,BotB,0,13,5,1,2,4,3,2,5
119,2026-04-22 16:41:50,60,BotA,16,14,2,BotA,0,14,6,0,3,7,4,4,0,BotB,0,14,4,1,3,4,6,4,2
120,2026-04-22 16:41:50,56,BotA,15,12,3,BotA,0,15,4,1,5,1,0,5,2,BotB,0,15,3,0,2,8,5,3,0
121,2026-04-22 16:41:50,57,BotB,17,9,8,BotA,0,17,4,0,3,1,4,3,4,BotB,0,16,3,0,4,1,5,3,5
122,2026-04-22 16:41:50,66,BotA,16,16,0,BotA,0,14,7,0,6,4,2,2,6,BotB,0,16,6,0,5,4,7,1,1
123,2026-04-22 16:41:50,65,BotA,15,15,0,BotA,0,15,4,0,3,5,3,7,3,BotB,0,14,7,0,1,4,4,6,3
124,2026-04-22 16:41:50,61,BotB,15,11,4,BotA,0,14,5,0,5,2,5,1,5,BotB,0,16,4,0,4,4,5,3,2
125,2026-04-22 16:41:50,62,BotA,16,14,2,BotA,0,18,3,0,0,4,2,6,5,BotB,0,14,6,0,0,5,7,3,6
126,2026-04-22 16:41:50,60,BotA,15,9,6,BotA,0,17,3,1,5,3,2,4,3,BotB,0,17,3,0,3,3,4,4,6
127,2026-04-22 16:41:50,62,BotA,15,7,8,BotA,0,9,6,0,3,4,5,9,7,BotB,0,10,4,0,1,3,6,7,8
128,2026-04-22 16:41:50,59,BotB,17,16,1,BotA,0,14,5,0,5,3,2,6,1,BotB,0,15,5,0,3,1,2,5,5
129,2026-04-22 16:41:50,62,BotA,16,12,4,BotA,0,16,4,0,4,0,3,4,9,BotB,0,15,5,0,3,4,3,7,2
130,2026-04-22 16:41:50,54,BotA,17,11,6,BotA,0,16,4,0,1,5,2,2,4,BotB,0,14,5,0,4,4,1,2,5
131,2026-04-22 16:41:50,56,BotA,17,2,15,BotA,0,16,3,1,4,4,2,2,3,BotB,0,15,0,0,7,0,6,5,4
132,2026-04-22 16:41:50,60,BotA,16,10,6,BotA,0,17,4,0,5,2,2,5,2,BotB,0,16,2,0,3,4,4,6,2
133,2026-04-22 16:41:50,55,BotA,15,15,0,BotA,0,13,4,0,5,5,5,2,2,BotB,0,11,7,0,5,3,1,1,7
134,2026-04-22 16:41:50,58,BotA,15,7,8,BotA,0,14,5,0,3,3,5,2,5,BotB,0,13,3,0,2,6,5,6,2
135,2026-04-22 16:41:50,66,BotA,17,14,3,BotA,0,15,6,1,7,4,1,3,3,BotB,0,16,5,0,2,3,1,6,9
136,2026-04-22 16:41:50,58,BotA,16,15,1,BotA,0,15,4,1,7,0,2,2,2,BotB,0,16,4,0,3,3,2,3,5
137,2026-04-22 16:41:50,67,BotA,16,15,1,BotA,0,18,5,0,5,3,6,2,4,BotB,0,18,4,0,6,4,2,5,3
138,2026-04-22 16:41:50,61,BotB,17,12,5,BotA,0,12,5,0,5,1,9,2,7,BotB,0,10,6,0,7,6,3,1,5
139,2026-04-22 16:41:50,60,BotA,19,15,4,BotA,0,11,7,1,7,4,3,1,4,BotB,0,16,3,1,2,5,4,1,4
140,2026-04-22 16:41:50,59,BotB,17,4,13,BotA,0,15,1,0,6,5,5,2,6,BotB,0,15,4,0,5,3,3,5,1
141,2026-04-22 16:41:50,57,BotB,15,11,4,BotA,0,16,4,0,4,5,3,3,1,BotB,0,13,5,0,7,1,2,1,5
142,2026-04-22 16:41:50,56,BotA,15,6,9,BotA,0,15,4,0,4,3,5,1,3,BotB,0,15,3,0,4,2,2,4,5
143,2026-04-22 16:41:50,59,BotB,17,10,7,BotA,0,15,5,0,6,1,4,4,0,BotB,0,16,1,2,1,3,6,3,1
144,2026-04-22 16:41:50,57,BotB,15,14,1,BotA,0,15,5,0,2,4,5,1,3,BotB,0,12,5,0,8,4,3,2,3
145,2026-04-22 16:41:50,57,BotB,16,5,11,BotA,0,16,2,0,5,3,3,5,3,BotB,0,14,3,0,6,2,5,3,3
146,2026-04-22 16:41:50,56,BotA,16,3,13,BotA,0,14,4,0,4,2,2,3,4,BotB,0,16,2,0,7,2,1,2,5
147,2026-04-22 16:41:50,55,BotB,16,3,13,BotA,0,13,2,0,10,4,4,2,3,BotB,0,16,3,0,5,0,4,1,5
148,2026-04-22 16:41:50,57,BotB,15,7,8,BotA,0,16,2,0,2,3,5,4,5,BotB,0,14,4,0,4,5,2,1,5
149,2026-04-22 16:41:50,64,BotA,16,4,12,BotA,0,19,2,0,5,2,3,4,1,BotB,0,14,3,0,5,2,8,2,8
150,2026-04-22 16:41:50,62,BotA,15,7,8,BotA,0,11,7,0,2,3,5,6,4,BotB,0,16,2,0,4,2,8,6,1
151,2026-04-22 16:41:50,52,BotA,15,8,7,BotA,0,14,3,0,2,5,4,1,5,BotB,0,14,4,0,0,3,3,3,6
152,2026-04-22 16:41:50,51,BotB,16,5,11,BotA,0,12,2,0,6,1,7,4,4,BotB,0,14,3,0,2,1,3,5,5
153,2026-04-22 16:41:50,61,BotB,16,10,6,BotA,0,12,6,0,0,4,3,8,6,BotB,0,15,5,1,2,5,2,4,4
154,2026-04-22 16:41:50,60,BotA,15,11,4,BotA,0,15,4,0,2,1,2,4,10,BotB,0,15,4,0,8,2,5,0,3
155,2026-04-22 16:41:50,63,BotB,17,9,8,BotA,0,12,4,0,3,5,8,2,5,BotB,0,14,2,1,4,4,10,2,6
156,2026-04-22 16:41:50,62,BotA,15,6,9,BotA,0,15,4,0,4,4,7,3,2,BotB,0,16,2,0,3,7,5,4,2
157,2026-04-22 16:41:50,61,BotB,16,10,6,BotA,0,14,5,0,4,6,4,1,3,BotB,0,14,4,0,4,5,6,2,3
158,2026-04-22 16:41:50,63,BotB,16,13,3,BotA,0,15,3,1,8,9,3,2,5,BotB,0,14,4,0,4,5,4,3,5
159,2026-04-22 16:41:50,55,BotB,15,15,0,BotA,0,16,4,0,2,2,5,1,4,BotB,0,12,6,0,7,1,4,3,1
160,2026-04-22 16:41:50,68,BotB,16,15,1,BotA,0,18,4,0,6,4,3,6,3,BotB,0,12,7,0,9,4,3,2,5
161,2026-04-22 16:41:50,60,BotA,16,7,9,BotA,0,12,5,0,2,1,6,3,12,BotB,0,14,3,0,2,3,5,2,7
162,2026-04-22 16:41:50,61,BotB,17,14,3,BotA,0,17,3,1,3,4,7,5,0,BotB,0,16,4,1,5,4,3,2,3
163,2026-04-22 16:41:50,60,BotA,16,11,5,BotA,0,13,5,1,2,9,0,5,5,BotB,0,12,4,0,6,4,2,4,9
164,2026-04-22 16:41:50,56,BotA,19,2,17,BotA,0,13,7,0,6,1,2,1,2,BotB,0,15,1,0,3,6,3,3,4
165,2026-04-22 16:41:50,59,BotB,16,3,13,BotA,0,15,1,0,11,2,6,1,3,BotB,0,12,4,0,4,5,5,4,3
166,2026-04-22 16:41:50,64,BotA,15,13,2,BotA,0,16,4,0,9,5,1,0,3,BotB,0,17,5,0,9,2,4,1,3
167,2026-04-22 16:41:50,52,BotA,16,14,2,BotA,0,13,5,0,3,3,4,3,2,BotB,0,14,3,1,2,5,2,0,5
168,2026-04-22 16:41:50,59,BotB,16,15,1,BotA,0,14,6,0,3,1,4,1,7,BotB,0,14,5,0,3,3,7,2,2
169,2026-04-22 16:41:50,63,BotB,16,13,3,BotA,0,15,5,0,3,1,6,5,2,BotB,0,12,6,0,3,5,6,3,1
170,2026-04-22 16:41:50,60,BotA,16,10,6,BotA,0,12,7,0,7,3,2,4,3,BotB,0,13,4,0,9,3,5,4,1
171,2026-04-22 16:41:50,61,BotB,15,7,8,BotA,0,12,2,0,5,2,8,2,11,BotB,0,12,6,0,5,1,7,2,4
172,2026-04-22 16:41:50,62,BotA,15,15,0,BotA,0,16,5,0,2,5,3,3,2,BotB,0,15,6,0,5,4,3,5,3
173,2026-04-22 16:41:50,63,BotB,15,15,0,BotA,0,19,3,0,5,1,3,3,4,BotB,0,14,5,0,2,3,5,3,5
174,2026-04-22 16:41:50,57,BotB,16,8,8,BotA,0,15,3,0,2,7,6,4,0,BotB,0,15,5,0,1,2,4,3,4
175,2026-04-22 16:41:50,62,BotA,18,8,10,BotA,0,13,5,0,1,8,7,5,1,BotB,0,14,5,0,2,7,4,3,4
176,2026-04-22 16:41:50,64,BotA,16,15,1,BotA,0,15,5,0,4,4,8,2,1,BotB,0,14,6,0,3,5,6,3,1
177,2026-04-22 16:41:50,60,BotA,16,7,9,BotA,0,19,4,0,2,6,2,2,1,BotB,0,16,2,0,9,6,1,2,3
178,2026-04-22 16:41:50,64,BotA,16,16,0,BotA,0,12,6,0,5,2,5,1,9,BotB,0,13,7,1,2,6,2,3,5
179,2026-04-22 16:41:50,58,BotA,16,2,14,BotA,0,13,4,1,7,2,5,3,4,BotB,0,15,0,0,2,3,9,3,5
180,2026-04-22 16:41:50,62,BotA,16,11,5,BotA,0,17,4,0,1,4,6,0,5,BotB,0,16,3,0,5,3,5,4,1
181,2026-04-22 16:41:50,65,BotB,17,13,4,BotA,0,17,5,0,5,7,0,8,1,BotB,0,15,5,0,6,2,4,2,6
182,2026-04-22 16:41:50,57,BotB,16,9,7,BotA,0,15,4,0,1,4,6,3,3,BotB,0,15,3,0,2,2,10,2,3
183,2026-04-22 16:41:50,56,BotA,15,4,11,BotA,0,11,6,0,4,8,5,2,1,BotB,0,13,2,0,5,3,8,3,5
184,2026-04-22 16:41:50,64,BotA,16,16,0,BotA,0,15,3,1,8,7,3,1,4,BotB,0,16,6,0,4,7,3,0,4
185,2026-04-22 16:41:50,60,BotA,16,7,9,BotA,0,12,6,0,5,4,5,1,7,BotB,0,10,3,0,2,5,7,7,6
186,2026-04-22 16:41:50,57,BotB,15,10,5,BotA,0,17,2,0,1,2,3,1,11,BotB,0,14,5,0,0,5,2,6,4
187,2026-04-22 16:41:50,60,BotA,17,7,10,BotA,0,16,2,1,3,6,5,6,0,BotB,0,14,3,0,5,9,3,5,1
188,2026-04-22 16:41:50,64,BotA,15,10,5,BotA,0,17,5,0,6,2,2,1,6,BotB,0,15,6,0,5,6,2,3,5
189,2026-04-22 16:41:50,60,BotA,16,7,9,BotA,0,18,4,0,6,0,3,3,2,BotB,0,12,4,0,5,1,11,5,4
190,2026-04-22 16:41:50,52,BotA,15,0,15,BotA,0,14,4,0,7,3,2,0,3,BotB,0,14,0,0,7,3,4,3,4
191,2026-04-22 16:41:50,64,BotA,16,6,10,BotA,0,14,5,0,7,3,4,2,4,BotB,0,15,3,0,6,3,9,2,3
192,2026-04-22 16:41:50,62,BotA,15,12,3,BotA,0,15,4,1,1,4,5,3,5,BotB,0,12,5,0,8,4,2,5,3
193,2026-04-22 16:41:50,55,BotB,17,4,13,BotA,0,13,2,0,1,8,2,4,4,BotB,0,13,3,0,5,5,5,1,3
194,2026-04-22 16:41:50,59,BotB,16,11,5,BotA,0,16,4,0,1,7,3,4,2,BotB,0,15,4,0,3,1,5,3,4
195,2026-04-22 16:41:50,54,BotA,15,3,12,BotA,0,14,3,0,0,7,3,2,4,BotB,0,12,1,0,5,5,5,0,8
196,2026-04-22 16:41:50,59,BotB,18,11,7,BotA,0,15,4,0,6,4,3,3,4,BotB,0,15,5,0,3,4,4,3,1
197,2026-04-22 16:41:50,63,BotB,15,10,5,BotA,0,14,3,1,5,5,7,0,4,BotB,0,17,3,0,3,3,5,4,6
198,2026-04-22 16:41:50,57,BotB,19,11,8,BotA,0,16,2,1,1,4,3,4,3,BotB,0,13,6,0,1,4,5,2,5
199,2026-04-22 16:41:50,61,BotA,15,15,0,BotA,0,16,4,1,2,2,6,3,5,BotB,0,19,3,0,3,6,1,0,6
200,2026-04-22 16:41:50,59,BotB,17,5,12,BotA,0,15,2,0,1,9,4,2,2,BotB,0,13,5,0,1,3,7,5,3
201,2026-04-22 16:41:55,60,BotA,16,14,2,BotA,0,15,5,0,4,3,3,4,4,BotB,0,12,6,0,5,6,4,3,4
202,2026-04-22 16:41:55,61,BotB,22,17,5,BotA,0,14,6,0,7,2,2,4,5,BotB,0,15,4,1,3,3,6,1,3
203,2026-04-22 16:41:55,64,BotA,16,7,9,BotA,0,14,4,0,2,2,8,4,8,BotB,0,13,3,0,8,1,13,0,4
204,2026-04-22 16:41:55,54,BotA,15,7,8,BotA,0,11,5,0,1,6,6,1,6,BotB,0,10,3,0,3,2,8,6,3
205,2026-04-22 16:41:55,62,BotB,16,15,1,BotA,0,15,6,0,7,1,6,2,2,BotB,0,14,5,0,8,2,4,2,3
206,2026-04-22 16:41:55,60,BotA,16,15,1,BotA,0,17,3,0,1,7,7,1,2,BotB,0,12,7,0,6,6,3,2,5
207,2026-04-22 16:41:55,60,BotA,17,11,6,BotA,0,13,6,0,3,2,6,4,1,BotB,0,13,4,0,2,8,2,3,5
208,2026-04-22 16:41:55,56,BotA,16,7,9,BotA,0,14,5,0,1,2,2,5,4,BotB,0,13,3,0,3,5,5,3,3
209,2026-04-22 16:41:55,62,BotA,19,14,5,BotA,0,15,6,1,2,7,3,0,5,BotB,0,15,3,0,4,4,7,1,4
210,2026-04-22 16:41:55,67,BotB,17,15,2,BotA,0,14,4,1,4,9,7,1,3,BotB,0,13,7,0,2,9,6,2,3
211,2026-04-22 16:41:55,56,BotA,16,6,10,BotA,0,10,6,0,1,3,2,3,9,BotB,0,12,4,0,4,5,1,3,8
212,2026-04-22 16:41:55,62,BotA,17,9,8,BotA,0,16,3,1,3,3,5,3,4,BotB,0,12,4,0,11,1,7,2,8
213,2026-04-22 16:41:55,61,BotB,19,15,4,BotA,0,15,2,2,3,6,4,1,6,BotB,0,14,6,0,2,4,7,1,3
214,2026-04-22 16:41:55,59,BotB,15,11,4,BotA,0,16,4,0,3,2,3,3,7,BotB,0,14,4,0,1,2,3,3,12
215,2026-04-22 16:41:55,57,BotB,16,13,3,BotA,0,15,5,0,0,5,2,5,6,BotB,0,15,5,0,4,5,3,2,3
216,2026-04-22 16:41:55,59,BotB,15,9,6,BotA,0,15,2,0,7,6,6,1,2,BotB,0,15,3,1,2,1,5,6,5
217,2026-04-22 16:41:55,60,BotA,15,11,4,BotA,0,12,5,0,6,5,4,2,4,BotB,0,13,5,0,3,5,5,0,6
218,2026-04-22 16:41:55,60,BotA,15,7,8,BotA,0,16,4,0,6,5,3,3,2,BotB,0,13,3,0,10,3,1,1,6
219,2026-04-22 16:41:55,64,BotA,15,15,0,BotA,0,15,4,0,2,7,3,6,2,BotB,0,14,6,0,6,8,4,1,2
220,2026-04-22 16:41:55,62,BotA,16,15,1,BotA,0,16,4,1,2,4,7,3,2,BotB,0,10,8,0,0,4,6,2,8
221,2026-04-22 16:41:55,61,BotA,16,15,1,BotA,0,12,7,0,2,5,6,2,4,BotB,0,12,5,0,9,5,4,6,1
222,2026-04-22 16:41:55,62,BotB,17,15,2,BotA,0,14,6,0,1,3,6,3,3,BotB,0,11,7,0,5,3,9,3,5
223,2026-04-22 16:41:55,56,BotA,16,5,11,BotA,0,13,6,0,5,2,6,1,1,BotB,0,14,2,0,1,3,8,4,2
224,2026-04-22 16:41:55,65,BotB,18,12,6,BotA,0,15,7,0,4,4,5,0,4,BotB,0,14,6,1,0,5,8,1,6
225,2026-04-22 16:41:55,63,BotB,17,9,8,BotA,0,12,5,0,2,6,5,5,5,BotB,0,14,5,1,1,4,1,5,5
226,2026-04-22 16:41:55,64,BotA,17,12,5,BotA,0,18,3,1,2,2,8,4,1,BotB,0,14,6,0,5,4,5,1,2
227,2026-04-22 16:41:55,62,BotB,18,17,1,BotA,0,16,5,0,5,3,3,3,2,BotB,0,13,4,2,4,5,4,4,5
228,2026-04-22 16:41:55,60,BotA,16,12,4,BotA,0,14,5,0,4,2,3,6,2,BotB,0,18,3,0,2,5,4,3,3
229,2026-04-22 16:41:55,54,BotA,15,6,9,BotA,0,10,6,0,3,2,6,3,4,BotB,0,16,1,0,1,3,5,2,6
230,2026-04-22 16:41:55,70,BotA,22,12,10,BotA,0,15,5,1,3,5,11,0,3,BotB,0,17,4,0,6,5,8,1,4
231,2026-04-22 16:41:55,62,BotA,15,7,8,BotA,0,17,2,0,4,4,7,1,7,BotB,0,13,3,0,10,3,4,0,6
232,2026-04-22 16:41:55,61,BotB,17,13,4,BotA,0,17,4,0,5,5,2,3,2,BotB,0,13,6,0,6,3,6,2,1
233,2026-04-22 16:41:55,62,BotB,16,16,0,BotA,0,13,5,1,8,4,1,4,5,BotB,0,11,7,0,7,5,3,1,6
234,2026-04-22 16:41:55,50,BotA,17,8,9,BotA,0,12,5,0,6,2,5,1,1,BotB,0,15,3,0,4,6,1,4,1
235,2026-04-22 16:41:55,62,BotA,15,14,1,BotA,0,15,4,0,7,4,2,0,7,BotB,0,14,6,0,7,6,1,0,5
236,2026-04-22 16:41:55,56,BotA,17,10,7,BotA,0,14,4,0,5,1,2,3,8,BotB,0,13,4,0,6,2,6,2,4
237,2026-04-22 16:41:55,62,BotA,19,15,4,BotA,0,14,5,0,6,6,2,2,1,BotB,0,14,6,0,5,5,2,3,3
238,2026-04-22 16:41:55,64,BotA,19,14,5,BotA,0,15,6,0,2,4,7,2,3,BotB,0,15,6,0,5,9,4,1,0
239,2026-04-22 16:41:55,54,BotA,15,5,10,BotA,0,13,3,1,8,1,2,1,6,BotB,0,11,3,0,3,4,5,1,10
240,2026-04-22 16:41:55,54,BotA,15,4,11,BotA,0,12,5,1,2,6,2,2,2,BotB,0,15,1,0,3,1,6,3,6
241,2026-04-22 16:41:55,58,BotA,19,6,13,BotA,0,14,5,0,7,3,1,3,4,BotB,0,18,1,0,2,9,0,7,1
242,2026-04-22 16:41:55,57,BotB,16,12,4,BotA,0,15,4,0,6,1,3,0,7,BotB,0,14,4,0,5,5,2,2,4
243,2026-04-22 16:41:55,54,BotA,16,7,9,BotA,0,15,3,1,5,1,3,4,2,BotB,0,12,4,0,7,5,2,5,0
244,2026-04-22 16:41:55,60,BotA,16,12,4,BotA,0,14,5,0,4,2,3,0,10,BotB,0,14,4,0,5,7,5,0,3
245,2026-04-22 16:41:55,57,BotB,15,9,6,BotA,0,13,5,0,7,1,4,1,6,BotB,0,13,5,0,3,2,5,3,4
246,2026-04-22 16:41:55,68,BotB,16,16,0,BotA,0,16,4,1,6,3,9,1,3,BotB,0,12,7,0,4,5,9,2,3
247,2026-04-22 16:41:55,62,BotA,15,12,3,BotA,0,16,3,1,2,7,1,3,5,BotB,0,13,5,0,2,4,5,3,5
248,2026-04-22 16:41:55,60,BotA,16,12,4,BotA,0,14,5,0,1,5,5,6,3,BotB,0,14,3,0,6,5,6,2,2
249,2026-04-22 16:41:55,57,BotB,15,12,3,BotA,0,16,4,0,5,3,8,1,0,BotB,0,14,4,0,4,4,4,5,2
250,2026-04-22 16:41:55,63,BotB,15,15,0,BotA,0,19,4,0,8,3,0,2,2,BotB,0,14,5,0,4,6,1,6,4
251,2026-04-22 16:41:55,50,BotA,15,6,9,BotA,0,12,3,0,5,7,0,2,1,BotB,0,8,3,0,7,4,6,4,0
252,2026-04-22 16:41:55,66,BotA,18,7,11,BotA,0,9,8,0,11,6,4,2,1,BotB,0,15,2,0,7,7,5,6,1
253,2026-04-22 16:41:55,62,BotA,15,13,2,BotA,0,14,5,0,1,0,5,5,9,BotB,0,15,4,0,4,4,3,4,4
254,2026-04-22 16:41:55,54,BotA,16,14,2,BotA,0,13,5,0,3,2,5,1,6,BotB,0,11,6,0,2,5,4,4,4
255,2026-04-22 16:41:55,56,BotA,15,11,4,BotA,0,13,4,0,7,2,1,4,5,BotB,0,12,4,0,5,0,4,8,4
256,2026-04-22 16:41:55,62,BotA,16,11,5,BotA,0,17,4,0,3,5,5,0,4,BotB,0,14,5,0,2,2,4,8,3
257,2026-04-22 16:41:55,60,BotA,19,6,13,BotA,0,17,2,1,2,6,3,2,2,BotB,0,17,2,1,3,2,5,2,6
258,2026-04-22 16:41:55,59,BotB,17,12,5,BotA,0,17,2,1,1,3,4,7,1,BotB,0,15,4,0,1,3,2,4,5
259,2026-04-22 16:41:55,64,BotA,17,15,2,BotA,0,19,4,0,3,3,5,2,0,BotB,0,15,5,0,5,4,3,2,7
260,2026-04-22 16:41:55,63,BotB,15,14,1,BotA,0,18,3,0,1,1,10,2,2,BotB,0,14,6,0,3,3,4,5,3
261,2026-04-22 16:41:55,63,BotB,15,13,2,BotA,0,14,4,0,1,9,3,2,6,BotB,0,16,4,0,5,3,7,3,1
262,2026-04-22 16:41:55,59,BotB,17,13,4,BotA,0,14,6,0,1,5,4,3,3,BotB,0,14,4,1,4,4,6,2,3
263,2026-04-22 16:41:56,54,BotA,15,8,7,BotA,0,17,2,0,5,2,1,2,4,BotB,0,14,3,0,4,2,3,4,4
264,2026-04-22 16:41:56,63,BotB,18,15,3,BotA,0,16,4,0,2,5,2,3,7,BotB,0,14,6,0,4,3,3,4,4
265,2026-04-22 16:41:56,64,BotA,18,15,3,BotA,0,14,4,1,1,4,7,4,5,BotB,0,17,5,0,2,5,5,4,2
266,2026-04-22 16:41:56,56,BotA,17,7,10,BotA,0,13,5,0,4,3,5,2,3,BotB,0,15,3,0,8,3,4,1,0
267,2026-04-22 16:41:56,56,BotA,17,8,9,BotA,0,15,4,0,2,5,3,0,6,BotB,0,11,5,0,0,6,6,7,4
268,2026-04-22 16:41:56,54,BotA,15,7,8,BotA,0,12,5,0,5,2,5,2,4,BotB,0,11,3,0,9,4,6,1,3
269,2026-04-22 16:41:56,58,BotA,18,11,7,BotA,0,12,6,0,2,4,3,6,4,BotB,0,13,5,0,3,6,3,5,0
270,2026-04-22 16:41:56,60,BotA,16,14,2,BotA,0,13,5,0,4,11,2,2,0,BotB,0,13,6,0,2,6,3,2,6
271,2026-04-22 16:41:56,56,BotA,16,6,10,BotA,0,10,6,0,4,6,4,0,7,BotB,0,11,4,0,4,6,4,2,5
272,2026-04-22 16:41:56,60,BotA,16,7,9,BotA,0,11,6,0,5,6,5,7,0,BotB,0,12,3,0,3,8,6,5,4
273,2026-04-22 16:41:56,62,BotA,17,15,2,BotA,0,17,4,0,7,3,6,1,4,BotB,0,13,6,0,2,4,4,1,8
274,2026-04-22 16:41:56,54,BotA,15,11,4,BotA,0,15,3,0,4,2,5,3,2,BotB,0,14,3,0,3,5,3,1,5
275,2026-04-22 16:41:56,59,BotB,15,12,3,BotA,0,13,6,0,1,0,3,10,3,BotB,0,16,4,0,1,3,6,4,3
276,2026-04-22 16:41:56,58,BotA,15,12,3,BotA,0,18,2,0,2,2,8,1,2,BotB,0,12,5,0,8,2,3,4,4
277,2026-04-22 16:41:56,61,BotA,16,16,0,BotA,0,11,5,0,6,6,4,1,6,BotB,0,12,4,0,2,8,3,5,5
278,2026-04-22 16:41:56,55,BotB,15,6,9,BotA,0,9,3,0,5,7,4,2,4,BotB,0,12,4,0,1,4,2,5,5
279,2026-04-22 16:41:56,58,BotA,15,6,9,BotA,0,17,4,0,3,2,4,4,1,BotB,0,15,2,0,3,11,2,3,0
280,2026-04-22 16:41:56,62,BotA,17,7,10,BotA,0,15,5,0,6,5,2,2,4,BotB,0,13,3,0,8,1,3,5,10
281,2026-04-22 16:41:56,65,BotB,18,11,7,BotA,0,12,5,0,4,9,6,2,8,BotB,0,14,4,0,6,9,4,2,5
282,2026-04-22 16:41:56,52,BotA,17,13,4,BotA,0,16,3,1,2,4,1,1,2,BotB,0,13,4,0,1,5,6,3,3
283,2026-04-22 16:41:56,50,BotA,15,10,5,BotA,0,11,6,0,4,2,3,2,3,BotB,0,12,4,0,3,3,2,2,8
284,2026-04-22 16:41:56,58,BotA,16,12,4,BotA,0,15,5,0,7,2,2,1,2,BotB,0,14,3,0,3,5,7,2,4
285,2026-04-22 16:41:56,63,BotB,16,11,5,BotA,0,17,4,0,4,2,8,1,2,BotB,0,15,5,0,1,9,4,4,2
286,2026-04-22 16:41:56,60,BotA,17,4,13,BotA,0,17,4,0,2,3,4,3,4,BotB,0,14,2,0,8,6,3,2,6
287,2026-04-22 16:41:56,53,BotB,16,6,10,BotA,0,15,3,0,6,2,2,3,5,BotB,0,13,5,0,1,5,3,6,2
288,2026-04-22 16:41:56,65,BotB,16,14,2,BotA,0,15,6,0,5,6,4,2,3,BotB,0,17,4,0,2,5,5,3,4
289,2026-04-22 16:41:56,67,BotB,16,14,2,BotA,0,16,5,0,7,0,5,3,3,BotB,0,18,4,0,6,3,4,2,4
290,2026-04-22 16:41:56,60,BotA,15,6,9,BotA,0,13,6,0,1,2,7,6,1,BotB,0,18,2,0,5,6,4,1,1
291,2026-04-22 16:41:56,64,BotA,16,9,7,BotA,0,15,4,0,2,4,3,5,8,BotB,0,16,3,0,4,2,6,4,3
292,2026-04-22 16:41:56,66,BotA,17,10,7,BotA,0,15,3,1,6,0,5,1,8,BotB,0,14,4,0,8,1,1,7,7
293,2026-04-22 16:41:56,62,BotA,15,8,7,BotA,0,17,6,0,4,1,2,3,2,BotB,0,17,2,0,5,3,4,4,2
294,2026-04-22 16:41:56,62,BotA,15,11,4,BotA,0,17,2,1,2,6,5,2,4,BotB,0,17,2,1,7,1,5,2,2
295,2026-04-22 16:41:56,56,BotA,16,4,12,BotA,0,13,6,0,2,4,4,5,2,BotB,0,13,3,0,3,9,5,1,4
296,2026-04-22 16:41:56,60,BotA,15,15,0,BotA,0,11,7,0,11,4,1,1,4,BotB,0,16,4,1,5,3,4,1,3
297,2026-04-22 16:41:56,58,BotA,18,9,9,BotA,0,14,4,1,3,3,5,0,8,BotB,0,16,3,0,1,3,5,6,5
298,2026-04-22 16:41:56,55,BotB,16,11,5,BotA,0,10,5,0,5,4,5,2,5,BotB,0,13,4,0,5,3,2,3,4
299,2026-04-22 16:41:56,62,BotA,17,12,5,BotA,0,13,5,0,1,0,9,1,5,BotB,0,12,7,0,3,2,6,1,8
300,2026-04-22 16:41:56,55,BotB,15,4,11,BotA,0,11,2,0,9,7,9,1,2,BotB,0,12,6,0,3,9,3,1,2
301,2026-04-22 17:45:00,53,BotB,16,6,10,BotA,3,14,3,0,5,0,3,9,2,BotB,2,13,3,0,3,3,8,2,3
302,2026-04-22 17:45:00,64,BotA,15,13,2,BotA,3,12,5,1,5,6,5,3,7,BotB,2,11,6,0,9,2,10,4,7
303,2026-04-22 17:45:00,55,BotB,17,15,2,BotA,4,13,5,0,4,4,0,0,8,BotB,2,14,3,1,5,2,4,5,1
304,2026-04-22 17:45:00,57,BotB,16,15,1,BotA,4,10,7,0,6,6,3,5,3,BotB,2,12,5,0,3,3,4,7,5
305,2026-04-22 17:45:00,53,BotB,16,11,5,BotA,3,10,7,0,7,7,0,0,7,BotB,2,13,3,1,3,2,4,4,3
306,2026-04-22 17:45:00,55,BotB,15,13,2,BotA,4,9,5,0,6,6,4,1,8,BotB,2,11,4,1,6,5,1,5,6
307,2026-04-22 17:45:00,52,BotA,15,9,6,BotA,3,12,6,0,1,2,3,6,2,BotB,2,12,3,0,4,8,4,1,6
308,2026-04-22 17:45:00,59,BotB,18,14,4,BotA,3,10,8,0,3,7,6,8,1,BotB,2,11,8,0,8,1,5,3,3
309,2026-04-22 17:45:00,59,BotB,15,4,11,BotA,3,17,1,0,10,1,4,4,7,BotB,2,8,4,1,5,15,1,5,9
310,2026-04-22 17:45:00,56,BotA,17,6,11,BotA,3,13,6,0,5,3,4,5,0,BotB,2,11,2,0,6,5,6,3,10
311,2026-04-22 17:45:00,52,BotA,15,9,6,BotA,3,11,4,1,7,6,5,1,1,BotB,2,13,3,0,1,4,4,2,7
312,2026-04-22 17:45:00,59,BotB,16,16,0,BotA,3,10,7,0,2,7,4,7,6,BotB,2,8,6,1,10,4,6,3,7
313,2026-04-22 17:45:00,58,BotA,19,8,11,BotA,3,16,3,1,4,2,3,2,3,BotB,2,13,2,1,3,8,2,6,7
314,2026-04-22 17:45:00,55,BotB,15,10,5,BotA,3,10,6,0,5,2,6,10,2,BotB,2,7,7,0,8,6,4,4,7
315,2026-04-22 17:45:00,52,BotA,16,11,5,BotA,3,13,4,1,2,1,3,4,5,BotB,2,12,2,1,6,7,4,2,4
316,2026-04-22 17:45:00,53,BotB,17,10,7,BotA,3,11,5,0,8,3,3,5,1,BotB,3,11,2,1,4,9,4,0,5
317,2026-04-22 17:45:00,52,BotA,16,5,11,BotA,4,11,7,0,2,1,2,5,1,BotB,2,14,2,0,10,3,3,0,2
318,2026-04-22 17:45:00,57,BotB,17,11,6,BotA,3,11,4,0,9,10,5,4,3,BotB,2,13,2,1,5,1,6,6,8
319,2026-04-22 17:45:00,54,BotA,15,9,6,BotA,3,13,2,1,11,3,4,3,0,BotB,2,12,3,1,1,6,6,4,5
320,2026-04-22 17:58:34,53,Bot,16,13,3,You,1,11,4,0,3,8,7,6,3,Bot,3,12,6,0,2,2,2,2,6
321,2026-04-22 17:58:41,60,BotA,15,14,1,BotA,7,11,6,0,0,5,4,4,4,BotB,8,9,6,0,0,6,8,6,0
322,2026-04-22 17:58:41,56,BotA,16,10,6,BotA,8,8,3,1,3,6,6,0,8,BotB,10,9,4,0,2,5,4,0,3
323,2026-04-22 17:58:41,60,BotA,15,9,6,BotA,6,13,5,0,3,9,2,0,1,BotB,6,14,3,0,0,0,6,4,6
324,2026-04-22 17:58:41,63,BotB,17,14,3,BotA,5,16,5,0,4,6,5,1,1,BotB,3,16,4,1,5,6,7,1,2
325,2026-04-22 17:58:41,56,BotA,17,15,2,BotA,5,13,4,0,3,5,5,4,1,BotB,8,9,4,1,4,6,2,3,0
326,2026-04-22 17:58:41,57,BotB,15,11,4,BotA,7,14,3,0,6,3,1,0,4,BotB,4,13,5,0,4,5,1,2,6
327,2026-04-22 17:58:41,63,BotB,16,4,12,BotA,4,13,3,0,7,3,7,7,9,BotB,5,12,4,0,4,9,9,3,1
328,2026-04-22 17:58:41,52,BotA,15,13,2,BotA,4,14,3,0,2,5,1,2,4,BotB,2,12,6,0,4,4,0,4,6
329,2026-04-22 17:58:41,50,BotA,16,14,2,BotA,3,13,2,1,5,0,5,3,5,BotB,3,12,6,0,4,1,3,1,2
330,2026-04-22 17:58:41,59,BotA,16,15,1,BotA,5,14,3,1,9,2,4,1,2,BotB,5,12,6,0,3,3,8,0,2
331,2026-04-22 17:58:41,57,BotB,15,4,11,BotA,5,13,2,0,2,9,7,3,4,BotB,5,7,5,1,5,6,8,8,2
332,2026-04-22 17:58:41,57,BotB,15,12,3,BotA,4,16,2,1,5,3,2,5,2,BotB,5,11,3,1,6,2,5,7,3
333,2026-04-22 17:58:41,55,BotB,17,5,12,BotA,4,15,2,0,0,0,7,5,7,BotB,7,12,3,1,4,1,1,2,4
334,2026-04-22 17:58:41,58,BotA,18,16,2,BotA,4,11,6,0,7,8,7,1,0,BotB,4,11,8,0,4,3,5,4,1
335,2026-04-22 17:58:41,57,BotA,17,15,2,BotA,1,15,6,0,5,6,1,0,8,BotB,5,12,6,0,0,0,6,2,4
336,2026-04-22 17:58:41,50,BotA,15,7,8,BotA,4,11,3,1,4,3,5,0,6,BotB,5,11,4,0,4,3,3,1,3
337,2026-04-22 17:58:41,62,BotA,18,18,0,BotA,6,11,7,0,4,6,6,4,0,BotB,6,11,7,0,7,6,6,0,2
338,2026-04-22 17:58:41,57,BotB,15,7,8,BotA,3,15,3,0,5,9,7,2,0,BotB,4,15,1,1,1,3,5,1,9
339,2026-04-22 17:58:41,58,BotA,16,13,3,BotA,3,14,5,0,0,7,5,0,5,BotB,5,13,4,1,6,3,2,1,5
340,2026-04-22 17:58:41,55,BotB,15,12,3,BotA,5,15,3,0,3,1,1,4,5,BotB,5,13,5,0,3,2,0,3,3
341,2026-04-22 17:58:41,62,BotA,15,9,6,BotA,7,14,4,0,4,7,3,2,1,BotB,6,7,3,1,9,6,9,8,5
342,2026-04-22 17:58:41,56,BotB,16,15,1,BotA,5,13,5,0,0,7,3,0,3,BotB,2,16,6,0,0,3,4,1,4
343,2026-04-22 17:58:41,59,BotA,16,15,1,BotA,6,16,3,0,1,2,3,3,4,BotB,5,11,8,0,2,4,4,3,1
344,2026-04-22 17:58:41,57,BotB,15,11,4,BotA,5,13,4,0,1,6,7,5,1,BotB,2,13,4,1,6,5,8,0,3
345,2026-04-22 17:58:41,57,BotB,15,11,4,BotA,8,12,5,0,4,1,2,3,1,BotB,5,12,6,0,3,3,6,2,0
346,2026-04-22 17:58:41,61,BotB,15,13,2,BotA,5,13,4,1,6,5,1,6,5,BotB,8,10,6,0,3,1,3,5,5
347,2026-04-22 17:58:41,56,BotA,17,6,11,BotA,5,12,5,0,9,0,2,3,1,BotB,5,14,2,0,5,1,6,6,2
348,2026-04-22 17:58:41,63,BotB,16,14,2,BotA,5,12,7,0,8,6,5,1,1,BotB,4,16,4,0,6,0,3,1,8
349,2026-04-22 17:58:41,54,BotA,15,14,1,BotA,4,13,4,1,2,4,3,5,0,BotB,5,13,4,0,3,3,5,1,1
350,2026-04-22 17:58:41,59,BotA,16,15,1,BotA,4,11,7,0,1,4,10,4,3,BotB,5,12,3,1,2,10,1,3,5
351,2026-04-22 17:58:41,60,BotA,17,12,5,BotA,5,15,5,0,3,4,2,5,0,BotB,6,10,3,1,2,7,11,8,1
352,2026-04-22 17:58:41,56,BotA,16,14,2,BotA,4,13,6,0,3,3,4,1,3,BotB,6,8,7,0,4,3,3,4,4
353,2026-04-22 17:58:41,54,BotA,15,7,8,BotA,5,12,4,0,3,4,7,1,1,BotB,4,12,3,0,2,2,8,5,4
354,2026-04-22 17:58:41,53,BotB,16,11,5,BotA,5,15,1,1,0,4,3,5,2,BotB,2,12,6,0,3,4,5,5,1
355,2026-04-22 17:58:41,58,BotA,16,13,3,BotA,4,12,4,1,8,0,1,7,7,BotB,4,14,4,0,3,6,6,3,0
356,2026-04-22 17:58:41,57,BotB,16,15,1,BotA,7,8,6,0,5,6,9,0,3,BotB,4,15,4,0,7,1,2,0,3
357,2026-04-22 17:58:41,56,BotA,15,10,5,BotA,4,12,5,0,3,5,8,0,2,BotB,4,16,2,0,0,0,7,3,5
358,2026-04-22 17:58:41,57,BotB,19,5,14,BotA,7,12,2,0,9,7,2,0,3,BotB,3,15,4,0,3,0,5,3,6
359,2026-04-22 17:58:41,57,BotB,17,6,11,BotA,5,11,3,0,10,8,0,2,8,BotB,7,9,6,0,6,4,2,2,3
360,2026-04-22 17:58:41,54,BotA,16,8,8,BotA,3,12,6,0,4,0,2,2,8,BotB,7,14,2,0,6,1,0,1,2
361,2026-04-22 17:58:41,53,BotB,15,9,6,BotA,6,12,4,0,2,3,5,3,1,BotB,3,12,5,0,5,3,6,2,1
362,2026-04-22 17:58:41,59,BotB,16,15,1,BotA,6,12,5,0,3,5,7,4,0,BotB,3,13,5,0,1,5,10,4,1
363,2026-04-22 17:58:41,68,BotB,15,15,0,BotA,6,21,2,0,5,0,2,4,3,BotB,6,14,5,1,6,1,6,5,6
364,2026-04-22 17:58:41,54,BotA,15,4,11,BotA,3,14,4,1,1,5,3,2,3,BotB,7,13,2,0,1,4,5,0,3
365,2026-04-22 17:58:41,53,BotB,15,5,10,BotA,3,12,2,0,0,4,11,7,4,BotB,3,16,3,0,3,4,1,0,3
366,2026-04-22 17:58:41,62,BotA,20,15,5,BotA,4,15,3,2,8,3,2,3,3,BotB,5,14,7,0,5,1,2,3,3
367,2026-04-22 17:58:42,54,BotA,18,8,10,BotA,5,10,7,0,4,1,5,4,0,BotB,5,13,2,0,2,0,7,5,6
368,2026-04-22 17:58:42,60,BotA,17,13,4,BotA,4,11,7,0,2,5,5,5,6,BotB,6,13,5,0,2,5,3,3,4
369,2026-04-22 17:58:42,61,BotA,17,15,2,BotA,8,13,3,1,4,6,3,4,0,BotB,5,10,8,0,4,5,6,3,2
370,2026-04-22 17:58:42,53,BotB,15,6,9,BotA,7,12,2,1,3,1,0,6,4,BotB,4,12,5,0,1,2,5,3,4
371,2026-04-22 17:58:42,50,BotA,15,9,6,BotA,4,12,4,0,4,3,3,4,0,BotB,5,9,3,0,1,4,3,2,8
372,2026-04-22 17:58:42,53,BotB,16,15,1,BotA,5,9,6,0,6,6,2,0,7,BotB,4,11,4,1,8,0,3,1,4
373,2026-04-22 17:58:42,60,BotA,17,9,8,BotA,2,16,3,2,2,1,7,3,6,BotB,7,16,2,0,7,0,3,0,3
374,2026-04-22 17:58:42,60,BotA,17,8,9,BotA,5,13,4,1,4,2,4,2,6,BotB,5,16,2,0,1,0,5,8,5
375,2026-04-22 17:58:42,58,BotA,15,8,7,BotA,8,10,4,1,4,4,6,0,2,BotB,5,12,4,0,8,2,8,0,2
376,2026-04-22 17:58:42,60,BotA,17,13,4,BotA,4,11,4,1,6,1,8,4,7,BotB,7,13,4,1,3,1,4,4,3
377,2026-04-22 17:58:42,57,BotB,16,12,4,BotA,5,12,5,0,4,7,1,0,7,BotB,6,13,6,0,0,4,2,0,2
378,2026-04-22 17:58:42,58,BotA,16,13,3,BotA,5,13,5,0,4,1,7,0,4,BotB,6,15,2,1,5,3,1,1,3
379,2026-04-22 17:58:42,60,BotA,15,9,6,BotA,7,10,4,1,7,2,8,6,0,BotB,7,12,4,0,4,3,7,5,1
380,2026-04-22 17:58:42,56,BotA,15,8,7,BotA,3,18,1,1,4,3,4,3,1,BotB,6,14,4,0,5,0,2,2,1
381,2026-04-22 17:58:42,56,BotA,16,10,6,BotA,5,13,4,0,5,5,3,0,3,BotB,4,13,4,0,6,6,3,1,4
382,2026-04-22 17:58:42,50,BotA,16,6,10,BotA,2,11,4,1,1,6,3,2,7,BotB,8,10,2,0,1,3,3,1,6
383,2026-04-22 17:58:42,57,BotB,17,15,2,BotA,6,15,2,1,4,6,4,0,0,BotB,3,16,1,2,3,2,5,6,1
384,2026-04-22 17:58:42,59,BotB,16,14,2,BotA,5,14,3,1,5,7,4,0,3,BotB,5,14,4,0,3,2,6,4,1
385,2026-04-22 17:58:42,58,BotA,15,14,1,BotA,6,13,5,0,6,4,1,0,3,BotB,6,12,5,0,4,1,4,4,5
386,2026-04-22 17:58:42,55,BotB,15,12,3,BotA,7,9,4,0,8,6,4,1,4,BotB,3,12,6,0,6,4,1,3,2
387,2026-04-22 17:58:42,51,BotB,16,8,8,BotA,6,13,1,1,1,5,5,4,0,BotB,4,11,4,0,2,4,5,3,3
388,2026-04-22 17:58:42,55,BotA,16,15,1,BotA,6,10,5,0,5,2,1,2,8,BotB,4,11,6,0,4,5,1,4,2
389,2026-04-22 17:58:42,56,BotA,18,8,10,BotA,4,11,6,0,6,5,4,5,0,BotB,6,13,1,1,5,2,5,3,3
390,2026-04-22 17:58:42,56,BotA,16,10,6,BotA,5,9,7,0,4,1,6,7,1,BotB,5,13,3,0,4,3,10,1,0
391,2026-04-22 17:58:42,51,BotB,15,10,5,BotA,3,11,6,0,3,7,1,3,2,BotB,2,12,5,0,4,3,2,4,5
392,2026-04-22 17:58:42,55,BotA,18,15,3,BotA,5,11,7,0,3,3,4,1,1,BotB,6,12,5,0,2,2,4,2,2
393,2026-04-22 17:58:42,56,BotA,15,14,1,BotA,4,14,5,0,4,5,3,1,1,BotB,5,14,5,0,1,4,3,0,3
394,2026-04-22 17:58:42,51,BotB,15,8,7,BotA,7,11,3,0,4,6,4,0,0,BotB,4,12,4,0,1,3,5,4,2
395,2026-04-22 17:58:42,56,BotA,18,6,12,BotA,5,12,6,0,5,5,3,0,0,BotB,6,13,2,0,9,0,3,5,0
396,2026-04-22 17:58:42,57,BotA,17,16,1,BotA,4,15,3,2,5,4,4,1,0,BotB,4,15,3,1,4,1,5,4,0
397,2026-04-22 17:58:42,53,BotB,15,10,5,BotA,3,13,4,0,5,1,6,7,0,BotB,4,12,5,0,1,3,2,0,6
398,2026-04-22 17:58:42,54,BotA,15,9,6,BotA,4,12,4,0,2,5,5,4,3,BotB,7,11,4,0,3,5,4,3,0
399,2026-04-22 17:58:42,51,BotB,15,13,2,BotA,5,8,2,2,8,4,6,6,0,BotB,3,14,3,0,4,2,1,4,3
400,2026-04-22 17:58:42,51,BotB,16,10,6,BotA,5,13,2,0,6,1,4,1,5,BotB,2,11,5,0,6,1,5,3,5
401,2026-04-22 17:58:42,53,BotB,16,15,1,BotA,7,11,5,0,3,0,5,2,1,BotB,1,14,4,0,7,0,5,7,2
402,2026-04-22 17:58:42,60,BotA,15,10,5,BotA,4,11,6,0,3,3,10,8,0,BotB,6,14,2,1,6,3,0,3,6
403,2026-04-22 17:58:42,57,BotB,15,12,3,BotA,2,16,5,0,2,7,2,3,2,BotB,5,15,3,1,0,4,4,2,2
404,2026-04-22 17:58:42,52,BotA,15,12,3,BotA,2,15,3,1,5,1,4,1,3,BotB,4,13,1,1,4,1,7,2,5
405,2026-04-22 17:58:42,58,BotA,15,12,3,BotA,5,13,7,0,2,3,1,3,2,BotB,4,16,4,0,0,3,5,4,1
406,2026-04-22 17:58:42,58,BotA,15,10,5,BotA,5,15,4,0,2,5,4,2,2,BotB,6,13,3,0,4,6,2,5,3
407,2026-04-22 17:58:42,50,BotA,15,7,8,BotA,1,14,3,0,7,5,0,3,4,BotB,6,10,2,0,5,4,2,2,4
408,2026-04-22 17:58:42,59,BotB,16,13,3,BotA,5,12,6,0,6,0,4,8,2,BotB,7,10,5,0,8,5,5,1,0
409,2026-04-22 17:58:42,50,BotA,15,4,11,BotA,2,13,3,1,4,1,6,2,3,BotB,4,13,1,0,5,8,4,0,1
410,2026-04-22 17:58:42,56,BotA,15,12,3,BotA,4,13,5,0,4,2,2,2,6,BotB,5,14,4,0,3,2,7,1,0
411,2026-04-22 17:58:42,56,BotA,15,6,9,BotA,2,14,5,0,1,3,5,3,7,BotB,5,15,3,0,3,1,6,4,0
412,2026-04-22 17:58:42,50,BotA,20,7,13,BotA,3,15,0,2,2,3,1,1,5,BotB,3,12,2,1,8,4,5,2,0
413,2026-04-22 17:58:42,56,BotA,17,9,8,BotA,3,15,5,0,6,0,3,3,1,BotB,5,12,4,0,6,0,5,7,1
414,2026-04-22 17:58:42,55,BotB,15,13,2,BotA,4,11,6,0,3,4,8,0,4,BotB,5,17,2,0,3,3,3,0,0
415,2026-04-22 17:58:42,55,BotA,15,15,0,BotA,3,14,4,1,3,0,4,3,6,BotB,3,13,6,0,4,6,2,2,0
416,2026-04-22 17:58:42,57,BotB,16,14,2,BotA,4,14,5,0,5,6,1,0,4,BotB,4,15,4,0,0,0,2,4,6
417,2026-04-22 17:58:42,57,BotB,16,15,1,BotA,3,15,4,0,2,3,5,9,0,BotB,4,12,5,0,3,3,1,1,10
418,2026-04-22 17:58:42,61,BotB,19,12,7,BotA,4,17,2,0,0,1,8,5,6,BotB,5,14,4,1,3,6,4,0,4
419,2026-04-22 17:58:42,58,BotA,15,14,1,BotA,6,11,5,0,8,5,2,1,0,BotB,5,10,6,0,4,3,2,4,9
420,2026-04-22 17:58:42,55,BotB,15,11,4,BotA,4,10,6,0,9,2,3,5,3,BotB,6,11,5,0,5,3,2,2,2
421,2026-04-22 18:49:20,63,Bot,18,12,6,You,4,6,6,0,8,5,11,8,7,Bot,4,15,5,1,4,7,4,0,1
422,2026-04-22 19:03:47,51,BotB,17,6,11,BotA,5,14,1,0,5,1,5,5,2,BotB,4,12,3,1,4,3,4,1,2
423,2026-04-22 19:03:47,53,BotB,16,14,2,BotA,6,12,2,1,4,4,5,3,1,BotB,6,11,4,0,2,6,3,0,3
424,2026-04-22 19:03:47,66,BotA,15,15,0,BotA,6,11,7,0,7,2,0,9,7,BotB,7,14,4,0,2,1,6,10,3
425,2026-04-22 19:03:47,54,BotA,15,13,2,BotA,4,11,3,1,1,5,9,6,2,BotB,4,13,4,0,5,5,2,3,2
426,2026-04-22 19:03:48,56,BotA,16,8,8,BotA,4,12,5,0,6,2,0,0,8,BotB,6,14,3,0,3,2,7,1,0
427,2026-04-22 19:03:48,57,BotB,16,12,4,BotA,8,11,4,0,4,1,3,2,6,BotB,4,10,6,0,6,5,5,4,0
428,2026-04-22 19:03:48,51,BotB,15,9,6,BotA,4,11,4,0,0,5,9,3,2,BotB,1,11,7,0,4,1,0,6,5
429,2026-04-22 19:03:48,54,BotA,17,11,6,BotA,4,11,4,1,2,1,5,3,7,BotB,7,11,4,0,4,3,2,5,0
430,2026-04-22 19:03:48,56,BotA,19,7,12,BotA,4,13,6,0,4,0,4,1,5,BotB,8,13,2,0,5,2,4,3,0
431,2026-04-22 19:03:48,52,BotA,15,9,6,BotA,3,14,4,0,5,1,4,1,3,BotB,4,14,1,0,4,3,6,2,6
432,2026-04-22 19:03:48,62,BotA,16,13,3,BotA,5,15,5,0,4,7,3,0,3,BotB,8,14,4,0,3,3,5,0,4
433,2026-04-22 19:03:48,52,BotA,16,8,8,BotA,3,14,4,0,4,2,3,5,1,BotB,4,16,1,0,3,5,0,2,4
434,2026-04-22 19:03:48,59,BotB,15,10,5,BotA,6,15,3,0,5,5,5,2,1,BotB,5,14,4,0,5,1,4,6,0
435,2026-04-22 19:03:48,61,BotB,16,14,2,BotA,6,11,6,0,3,0,2,13,1,BotB,4,17,3,0,6,6,1,0,1
436,2026-04-22 19:03:48,57,BotB,17,11,6,BotA,5,13,2,1,3,4,1,2,11,BotB,4,13,5,0,1,5,1,5,5
437,2026-04-22 19:03:48,55,BotB,15,8,7,BotA,7,13,3,0,1,4,3,1,5,BotB,3,12,6,0,5,4,2,3,3
438,2026-04-22 19:03:48,57,BotB,19,16,3,BotA,5,14,5,0,1,2,2,5,3,BotB,3,11,9,0,3,5,4,1,2
439,2026-04-22 19:03:48,58,BotA,15,11,4,BotA,4,17,4,0,3,0,3,5,0,BotB,7,15,3,0,0,2,4,4,0
440,2026-04-22 19:03:48,54,BotA,17,9,8,BotA,3,12,5,0,4,6,6,4,0,BotB,2,15,3,0,1,0,2,1,10
441,2026-04-22 19:03:48,59,BotB,15,15,0,BotA,4,17,1,2,4,5,3,0,5,BotB,3,14,3,1,1,2,10,5,4
442,2026-04-22 19:03:48,58,BotA,15,13,2,BotA,4,14,5,1,3,7,3,0,0,BotB,5,17,2,0,1,5,0,0,5
443,2026-04-22 19:03:48,59,BotB,15,13,2,BotA,4,14,5,0,4,4,6,3,4,BotB,6,14,4,0,0,6,4,0,4
444,2026-04-22 19:03:48,55,BotB,15,9,6,BotA,4,14,3,0,6,2,8,1,3,BotB,5,13,2,1,7,5,2,0,3
445,2026-04-22 19:03:48,60,BotA,16,16,0,BotA,5,13,4,1,3,2,4,8,1,BotB,5,15,4,0,1,1,4,4,6
446,2026-04-22 19:03:48,57,BotB,16,10,6,BotA,3,14,5,0,5,7,4,2,2,BotB,4,12,6,0,6,3,6,2,1
447,2026-04-22 19:03:48,52,BotA,15,10,5,BotA,5,11,3,0,6,2,3,4,5,BotB,4,13,3,0,5,3,2,3,4
448,2026-04-22 19:03:48,56,BotA,15,12,3,BotA,4,14,4,0,5,6,3,1,0,BotB,5,12,4,0,6,1,2,4,4
449,2026-04-22 19:03:48,53,BotA,15,15,0,BotA,5,12,5,0,0,4,6,4,0,BotB,3,15,3,1,3,2,0,5,1
450,2026-04-22 19:03:48,61,BotA,16,15,1,BotA,5,12,7,0,3,0,6,6,5,BotB,5,12,4,1,6,6,3,8,0
451,2026-04-22 19:03:48,56,BotA,18,1,17,BotA,4,15,5,0,4,2,4,1,1,BotB,6,17,0,0,4,6,0,3,1
452,2026-04-22 19:03:48,54,BotA,17,8,9,BotA,2,12,6,0,6,7,4,0,3,BotB,6,13,1,1,1,4,6,2,2
453,2026-04-22 19:03:48,51,BotB,15,8,7,BotA,5,11,3,0,1,6,7,7,0,BotB,2,10,5,0,9,0,7,5,2
454,2026-04-22 19:03:48,56,BotA,16,9,7,BotA,5,16,3,0,1,4,4,0,1,BotB,5,14,3,0,1,6,4,3,4
455,2026-04-22 19:03:48,59,BotB,16,15,1,BotA,4,14,6,0,0,4,4,5,4,BotB,4,15,6,0,1,4,2,2,3
456,2026-04-22 19:03:48,61,BotB,15,14,1,BotA,5,15,4,0,7,1,4,3,5,BotB,6,14,6,0,3,3,1,0,4
457,2026-04-22 19:03:48,56,BotA,15,7,8,BotA,3,12,4,1,4,2,3,5,5,BotB,3,11,4,0,5,2,8,1,6
458,2026-04-22 19:03:48,56,BotA,15,8,7,BotA,2,11,7,0,7,2,3,6,4,BotB,5,15,3,0,5,1,2,3,3
459,2026-04-22 19:03:48,60,BotA,18,13,5,BotA,5,13,5,0,7,1,1,5,5,BotB,3,14,5,0,5,6,0,5,8
460,2026-04-22 19:03:48,56,BotA,15,12,3,BotA,5,12,5,0,7,0,4,3,3,BotB,4,9,3,2,8,7,5,6,4
461,2026-04-22 19:03:48,59,BotB,16,12,4,BotA,5,13,4,1,2,4,7,1,4,BotB,5,15,3,0,3,1,2,6,4
462,2026-04-22 19:03:48,59,BotB,16,14,2,BotA,5,15,4,0,4,2,5,4,0,BotB,5,13,6,0,4,4,1,1,5
463,2026-04-22 19:03:48,60,BotA,19,10,9,BotA,5,10,7,1,8,0,5,5,2,BotB,7,14,2,0,4,2,7,5,2
464,2026-04-22 19:03:48,54,BotA,15,4,11,BotA,3,15,1,1,5,3,3,0,4,BotB,4,13,2,0,3,0,5,7,3
465,2026-04-22 19:03:48,56,BotB,17,17,0,BotA,1,17,3,1,5,1,3,5,3,BotB,6,12,6,0,5,1,3,2,0
466,2026-04-22 19:03:48,69,BotB,19,17,2,BotA,8,15,6,0,6,3,5,4,0,BotB,7,13,6,1,3,3,4,8,1
467,2026-04-22 19:03:48,56,BotA,18,12,6,BotA,7,12,3,0,5,2,2,7,1,BotB,6,12,4,0,5,2,6,3,2
468,2026-04-22 19:03:48,58,BotA,15,8,7,BotA,5,13,5,0,3,0,6,3,3,BotB,4,18,2,0,7,3,3,0,0
469,2026-04-22 19:03:48,59,BotB,16,14,2,BotA,7,12,6,0,7,1,0,3,2,BotB,4,16,5,0,3,3,0,4,2
470,2026-04-22 19:03:48,53,BotB,16,11,5,BotA,3,10,5,0,5,6,2,2,10,BotB,4,10,5,0,0,6,6,7,1
471,2026-04-22 19:03:48,59,BotB,16,13,3,BotA,5,13,5,0,6,5,3,0,6,BotB,5,16,4,0,0,3,2,3,4
472,2026-04-22 19:03:48,57,BotB,19,8,11,BotA,9,10,3,0,4,4,5,3,2,BotB,3,12,6,1,1,5,6,2,4
473,2026-04-22 19:03:48,64,BotA,16,11,5,BotA,7,15,4,0,0,2,5,3,6,BotB,10,10,5,0,6,6,8,0,0
474,2026-04-22 19:03:48,53,BotB,15,11,4,BotA,6,15,2,0,1,5,3,2,0,BotB,3,12,4,1,4,2,5,5,2
475,2026-04-22 19:03:48,57,BotB,18,6,12,BotA,5,15,3,0,2,4,2,4,5,BotB,3,16,2,1,4,2,3,4,4
476,2026-04-22 19:03:48,58,BotA,17,10,7,BotA,4,9,6,0,2,2,8,12,0,BotB,7,13,5,0,2,2,0,0,6
477,2026-04-22 19:03:48,61,BotB,19,7,12,BotA,6,13,1,1,9,6,0,5,7,BotB,6,16,1,2,3,5,4,1,1
478,2026-04-22 19:03:48,57,BotB,15,13,2,BotA,4,10,7,0,7,3,5,5,3,BotB,3,15,4,0,3,4,3,4,3
479,2026-04-22 19:03:48,56,BotA,15,12,3,BotA,7,10,6,0,4,4,4,1,1,BotB,5,13,3,1,6,1,1,3,2
480,2026-04-22 19:03:48,53,BotB,15,9,6,BotA,3,11,6,0,0,3,8,4,5,BotB,5,13,3,1,3,5,3,0,0
481,2026-04-22 19:03:48,58,BotB,16,15,1,BotA,3,15,5,0,5,3,0,4,5,BotB,4,13,6,0,1,5,5,5,1
482,2026-04-22 19:03:48,61,BotB,16,12,4,BotA,5,16,4,0,4,1,1,6,5,BotB,6,14,4,1,5,2,0,4,4
483,2026-04-22 19:03:48,54,BotB,17,15,2,BotA,5,14,4,0,3,3,5,0,0,BotB,4,12,6,0,1,3,5,1,4
484,2026-04-22 19:03:48,57,BotB,15,11,4,BotA,6,14,4,0,3,2,6,0,2,BotB,3,16,5,0,4,3,3,0,2
485,2026-04-22 19:03:48,57,BotA,20,15,5,BotA,4,12,6,1,3,5,2,6,0,BotB,6,12,3,1,5,6,2,0,4
486,2026-04-22 19:03:48,57,BotB,15,15,0,BotA,5,14,3,2,2,3,4,0,5,BotB,4,15,2,1,7,4,5,1,0
487,2026-04-22 19:03:48,53,BotB,16,14,2,BotA,3,9,6,0,9,3,4,8,3,BotB,4,11,6,0,3,5,3,1,1
488,2026-04-22 19:03:48,62,BotA,16,12,4,BotA,7,9,4,1,9,9,4,2,1,BotB,8,9,6,0,0,6,10,6,0
489,2026-04-22 19:03:48,56,BotA,15,9,6,BotA,4,10,6,1,0,4,4,4,7,BotB,5,8,4,0,7,12,7,0,2
490,2026-04-22 19:03:48,63,BotB,15,10,5,BotA,7,14,4,0,5,5,4,2,4,BotB,7,13,3,1,5,4,5,1,4
491,2026-04-22 19:03:48,56,BotA,18,9,9,BotA,3,14,6,0,2,2,3,2,5,BotB,7,15,2,0,0,3,5,3,0
492,2026-04-22 19:03:48,61,BotB,17,14,3,BotA,6,7,9,0,5,4,7,9,1,BotB,5,13,4,1,4,6,4,5,1
493,2026-04-22 19:03:48,56,BotA,15,9,6,BotA,4,12,6,0,1,6,5,0,5,BotB,5,14,3,0,3,2,7,1,2
494,2026-04-22 19:03:48,62,BotA,15,15,0,BotA,3,16,5,0,6,7,6,0,1,BotB,3,13,8,0,4,2,3,9,0
495,2026-04-22 19:03:48,57,BotB,16,16,0,BotA,3,15,5,0,6,1,4,3,3,BotB,6,10,7,0,3,1,2,5,4
496,2026-04-22 19:03:48,53,BotB,16,9,7,BotA,5,10,4,0,7,5,4,1,6,BotB,6,9,5,0,4,4,4,1,4
497,2026-04-22 19:03:48,61,BotA,18,16,2,BotA,4,15,5,0,6,6,5,3,1,BotB,5,15,5,0,0,4,6,4,0
498,2026-04-22 19:03:48,60,BotA,15,14,1,BotA,3,15,5,1,3,3,4,6,0,BotB,5,12,3,1,10,4,4,1,5
499,2026-04-22 19:03:48,57,BotA,17,15,2,BotA,6,13,4,1,3,1,3,6,1,BotB,1,13,6,0,9,6,3,2,2
500,2026-04-22 19:03:49,61,BotA,19,17,2,BotA,6,12,6,0,2,5,3,4,5,BotB,4,14,7,0,5,4,1,4,0
501,2026-04-22 19:03:49,60,BotB,15,15,0,BotA,4,13,5,0,0,2,4,5,9,BotB,7,11,5,0,3,11,3,0,0
502,2026-04-22 19:03:49,62,BotA,16,14,2,BotA,6,13,5,1,4,1,4,5,2,BotB,7,14,4,0,1,3,6,3,4
503,2026-04-22 19:03:49,58,BotA,15,14,1,BotA,4,12,4,1,7,5,1,6,4,BotB,6,12,5,0,6,4,0,2,6
504,2026-04-22 19:03:49,58,BotA,16,14,2,BotA,5,13,5,0,6,4,1,4,2,BotB,5,13,5,0,3,2,3,7,2
505,2026-04-22 19:03:49,53,BotB,15,13,2,BotA,4,11,6,0,3,1,5,6,0,BotB,4,11,6,0,3,7,1,0,2
506,2026-04-22 19:03:49,67,BotA,16,15,1,BotA,5,16,5,0,5,4,9,1,4,BotB,5,20,2,1,4,5,3,2,0
507,2026-04-22 19:03:49,50,BotA,18,5,13,BotA,3,13,4,0,3,5,5,0,0,BotB,4,12,3,0,0,0,8,4,4
508,2026-04-22 19:03:49,53,BotB,15,9,6,BotA,5,13,3,0,4,1,3,7,0,BotB,5,14,3,0,7,1,1,0,0
509,2026-04-22 19:03:49,58,BotB,17,16,1,BotA,3,12,6,0,9,1,4,3,5,BotB,6,12,5,0,4,1,4,4,5
510,2026-04-22 19:03:49,65,BotB,15,11,4,BotA,6,16,3,1,5,4,2,1,7,BotB,6,11,5,1,5,10,8,3,0
511,2026-04-22 19:03:49,61,BotB,18,3,15,BotA,3,16,1,0,2,4,5,8,8,BotB,5,14,5,0,3,9,3,0,0
512,2026-04-22 19:03:49,58,BotA,18,5,13,BotA,5,13,4,0,8,3,3,1,4,BotB,5,16,2,0,5,4,4,1,4
513,2026-04-22 19:03:49,54,BotA,15,7,8,BotA,5,14,2,1,0,7,3,1,2,BotB,7,13,3,0,0,2,4,3,3
514,2026-04-22 19:03:49,54,BotA,16,10,6,BotA,3,13,2,1,5,1,4,8,5,BotB,5,14,3,0,6,2,4,1,1
515,2026-04-22 19:03:49,64,BotA,15,15,0,BotA,5,15,5,0,5,7,5,1,1,BotB,4,15,4,1,5,3,5,5,5
516,2026-04-22 19:03:49,54,BotA,16,6,10,BotA,3,16,3,0,5,3,0,2,5,BotB,7,13,3,0,1,0,2,5,3
517,2026-04-22 19:03:49,59,BotB,19,10,9,BotA,4,17,2,1,1,4,5,3,4,BotB,4,13,5,0,3,1,1,5,8
518,2026-04-22 19:03:49,62,BotB,17,15,2,BotA,4,12,7,0,6,3,4,3,6,BotB,6,9,7,0,5,8,6,5,0
519,2026-04-22 19:03:49,56,BotA,15,9,6,BotA,6,14,4,0,3,4,2,0,2,BotB,4,13,3,0,5,11,3,2,0
520,2026-04-22 19:03:49,53,BotB,17,11,6,BotA,7,8,3,1,6,10,6,0,0,BotB,5,11,5,0,5,2,3,0,4
521,2026-04-22 19:03:49,54,BotA,15,14,1,BotA,3,13,5,0,5,2,5,3,2,BotB,3,13,3,1,2,3,6,5,4
522,2026-04-25 00:34:51,61,Bot,15,14,1,You,2,7,5,1,17,10,5,3,9,Bot,3,12,4,1,6,8,8,5,2
523,2026-05-10 08:44:39,54,BotA,15,13,2,BotA,4,7,8,0,6,4,2,4,6,BotB,3,13,5,0,4,6,3,4,0
524,2026-05-10 08:44:39,60,BotA,16,16,0,BotA,5,15,5,0,4,5,3,0,1,BotB,5,13,7,0,2,1,3,3,5
525,2026-05-10 08:44:39,63,BotB,16,11,5,BotA,4,10,2,1,17,6,8,3,6,BotB,3,15,6,0,2,2,6,7,1
526,2026-05-10 08:44:39,60,BotA,16,7,9,BotA,6,11,6,0,7,3,2,2,6,BotB,6,14,3,0,2,6,3,1,7
527,2026-05-10 08:44:39,59,BotB,16,12,4,BotA,6,10,6,0,8,0,2,6,7,BotB,6,12,6,0,8,0,0,2,2
528,2026-05-10 08:44:39,59,BotB,16,11,5,BotA,4,12,3,1,6,1,9,8,2,BotB,5,13,5,1,4,1,4,2,3
529,2026-05-10 08:44:39,54,BotA,16,3,13,BotA,3,12,5,1,5,1,6,5,0,BotB,6,14,0,0,2,9,3,0,4
530,2026-05-10 08:44:39,58,BotA,19,16,3,BotA,4,14,6,0,2,2,3,3,4,BotB,2,11,8,1,4,6,2,2,7
531,2026-05-10 08:44:39,64,BotA,16,11,5,BotA,3,15,3,1,6,8,6,0,4,BotB,6,15,3,0,0,0,10,4,6
532,2026-05-10 08:44:39,58,BotA,17,12,5,BotA,2,14,4,1,6,8,1,3,5,BotB,8,12,5,0,4,3,0,1,4
533,2026-05-10 08:44:39,60,BotA,18,16,2,BotA,5,15,2,1,5,2,5,7,1,BotB,3,15,3,2,6,2,6,4,3
534,2026-05-10 08:44:39,56,BotA,16,14,2,BotA,1,17,3,1,2,5,5,2,3,BotB,5,15,3,0,3,4,5,2,1
535,2026-05-10 08:44:39,55,BotB,15,9,6,BotA,4,16,1,1,3,1,5,3,4,BotB,6,9,5,0,8,3,5,1,1
536,2026-05-10 08:44:39,53,BotB,16,13,3,BotA,5,13,4,0,2,3,6,0,2,BotB,3,14,4,0,2,2,4,0,6
537,2026-05-10 08:44:39,57,BotB,15,11,4,BotA,5,16,0,1,5,5,6,2,2,BotB,5,12,5,1,3,5,5,1,1
538,2026-05-10 08:44:39,56,BotA,16,6,10,BotA,6,13,4,0,4,0,4,5,1,BotB,6,16,2,0,4,0,3,3,2
539,2026-05-10 08:44:40,59,BotB,19,12,7,BotA,2,14,6,0,1,7,7,7,1,BotB,5,13,6,0,2,6,2,3,1
540,2026-05-10 08:44:40,51,BotB,15,7,8,BotA,5,14,2,0,5,1,3,2,4,BotB,3,11,4,1,5,3,1,5,3
541,2026-05-10 08:44:40,58,BotA,16,9,7,BotA,5,14,5,0,2,5,3,0,4,BotB,7,10,6,0,2,7,3,1,3
542,2026-05-10 08:44:40,56,BotA,15,12,3,BotA,4,14,5,0,5,4,2,1,2,BotB,5,13,5,0,4,0,4,6,0
543,2026-05-10 08:44:40,56,BotA,16,11,5,BotA,4,11,5,0,5,5,5,5,3,BotB,5,12,4,0,4,1,7,5,1
544,2026-05-10 08:44:40,66,BotB,17,16,1,BotA,8,10,7,0,5,7,6,0,5,BotB,5,15,6,0,7,5,6,0,3
545,2026-05-10 08:44:40,65,BotA,17,15,2,BotA,9,14,5,1,2,6,1,1,0,BotB,5,15,5,0,4,6,0,0,6
546,2026-05-10 08:44:40,63,BotB,15,13,2,BotA,6,17,3,0,0,5,4,3,5,BotB,4,15,4,1,4,5,4,4,3
547,2026-05-10 08:44:40,60,BotA,16,11,5,BotA,3,13,4,0,4,5,9,6,5,BotB,6,14,4,0,1,4,4,4,4
548,2026-05-10 08:44:40,56,BotA,16,10,6,BotA,4,16,2,0,4,7,5,0,1,BotB,5,11,5,0,9,0,1,5,4
549,2026-05-10 08:44:40,59,BotB,15,11,4,BotA,5,11,7,0,3,5,4,0,8,BotB,3,12,5,0,8,6,8,3,1
550,2026-05-10 08:44:40,56,BotA,16,11,5,BotA,4,14,4,1,3,3,2,0,6,BotB,6,13,5,0,1,2,5,0,3
551,2026-05-10 08:44:40,59,BotB,18,12,6,BotA,6,16,3,0,6,1,1,0,4,BotB,3,11,4,1,6,0,7,7,8
552,2026-05-10 08:44:40,58,BotA,15,7,8,BotA,4,15,3,0,10,1,2,2,3,BotB,8,14,3,0,4,2,2,2,1
553,2026-05-10 08:44:40,60,BotA,15,12,3,BotA,7,11,5,0,4,3,6,6,1,BotB,4,12,5,0,3,4,9,4,7
554,2026-05-10 08:44:40,50,BotA,15,3,12,BotA,3,12,4,0,3,3,3,3,5,BotB,6,14,1,0,5,3,3,0,0
555,2026-05-10 08:44:40,56,BotA,17,7,10,BotA,4,15,2,1,2,7,4,1,0,BotB,5,16,1,1,3,0,7,3,0
556,2026-05-10 08:44:40,56,BotA,15,12,3,BotA,4,13,3,1,4,6,5,5,0,BotB,5,13,5,0,3,3,4,3,1
557,2026-05-10 08:44:40,57,BotA,16,16,0,BotA,6,12,6,0,8,1,1,1,1,BotB,4,14,5,0,4,3,0,5,3
558,2026-05-10 08:44:40,62,BotA,16,15,1,BotA,5,14,6,0,0,0,9,3,3,BotB,4,15,5,0,4,6,7,1,2
559,2026-05-10 08:44:40,54,BotA,15,7,8,BotA,3,16,2,0,2,3,7,3,0,BotB,4,11,4,0,7,1,5,8,2
560,2026-05-10 08:44:40,61,BotB,16,10,6,BotA,5,15,5,0,2,1,3,5,4,BotB,6,15,3,0,0,5,4,1,6
561,2026-05-10 08:44:40,55,BotB,17,14,3,BotA,5,13,5,0,4,2,4,0,5,BotB,3,14,3,1,0,3,7,4,2
562,2026-05-10 08:44:40,57,BotB,15,13,2,BotA,4,15,3,0,6,3,8,1,2,BotB,4,11,4,1,2,7,2,7,5
563,2026-05-10 08:44:40,59,BotB,19,14,5,BotA,5,12,6,0,4,7,5,2,2,BotB,3,13,5,0,9,1,4,2,5
564,2026-05-10 08:44:40,56,BotA,15,7,8,BotA,6,13,2,1,1,2,6,5,1,BotB,4,12,3,0,8,9,4,1,2
565,2026-05-10 08:44:40,56,BotA,15,12,3,BotA,5,11,3,1,1,1,5,8,7,BotB,5,16,3,0,2,4,2,4,0
566,2026-05-10 08:44:40,53,BotB,15,9,6,BotA,5,14,3,0,4,5,5,1,0,BotB,4,13,4,0,5,2,4,2,1
567,2026-05-10 08:44:40,54,BotA,16,10,6,BotA,5,8,6,0,5,0,7,8,1,BotB,4,13,3,0,1,1,6,5,7
568,2026-05-10 08:44:40,57,BotB,16,8,8,BotA,4,11,4,0,5,7,5,9,3,BotB,6,10,2,2,8,5,2,2,5
569,2026-05-10 08:44:40,61,BotB,15,12,3,BotA,7,13,5,0,6,0,3,6,1,BotB,7,14,5,0,2,1,4,2,2
570,2026-05-10 08:44:40,57,BotB,19,11,8,BotA,6,11,5,0,5,1,3,2,7,BotB,4,13,6,0,3,4,4,1,2
571,2026-05-10 08:44:40,46,BotA,15,2,13,BotA,3,10,2,1,7,0,3,4,6,BotB,6,10,1,0,3,7,3,2,0
572,2026-05-10 08:44:40,65,BotA,15,15,0,BotA,5,11,7,0,4,6,9,3,6,BotB,5,16,2,1,4,5,5,5,1
573,2026-05-10 08:44:40,60,BotB,17,15,2,BotA,5,11,6,0,2,6,7,8,1,BotB,7,12,5,0,4,2,5,5,1
574,2026-05-10 08:44:40,56,BotA,16,10,6,BotA,2,12,6,0,6,1,6,5,4,BotB,5,12,4,0,5,0,5,6,4
575,2026-05-10 08:44:40,57,BotA,18,15,3,BotA,4,14,5,0,6,0,3,4,2,BotB,4,9,7,0,7,2,6,5,2
576,2026-05-10 08:44:40,55,BotB,15,14,1,BotA,4,10,7,0,0,0,8,6,4,BotB,4,14,3,0,3,7,4,1,0
577,2026-05-10 08:44:40,61,BotB,16,13,3,BotA,6,13,5,0,6,6,5,2,1,BotB,4,14,5,1,5,1,3,4,4
578,2026-05-10 08:44:40,57,BotB,17,16,1,BotA,6,13,3,1,4,5,4,5,0,BotB,4,15,4,1,3,3,4,0,1
579,2026-05-10 08:44:40,57,BotA,16,15,1,BotA,6,8,7,0,5,8,0,1,5,BotB,7,10,4,0,5,7,1,3,3
580,2026-05-10 08:44:40,56,BotA,15,5,10,BotA,5,12,4,1,0,2,4,2,7,BotB,4,14,1,0,7,3,5,8,0
581,2026-05-10 08:44:40,53,BotB,15,5,10,BotA,4,14,3,0,3,8,3,2,0,BotB,4,13,3,0,1,0,8,1,4
582,2026-05-10 08:44:40,63,BotB,15,14,1,BotA,5,13,7,0,5,8,3,3,0,BotB,6,14,6,0,4,5,0,2,1
583,2026-05-10 08:44:40,56,BotA,16,13,3,BotA,4,13,6,0,3,1,4,3,4,BotB,7,12,4,0,8,2,0,2,0
584,2026-05-10 08:44:40,60,BotA,16,12,4,BotA,4,10,7,0,1,5,5,2,11,BotB,7,13,3,1,0,5,7,3,2
585,2026-05-10 08:44:40,55,BotA,15,15,0,BotA,4,11,5,0,7,1,7,6,2,BotB,7,13,3,0,4,1,1,3,2
586,2026-05-10 08:44:40,55,BotB,15,9,6,BotA,6,12,5,0,6,2,4,0,2,BotB,6,11,7,0,2,2,3,0,2
587,2026-05-10 08:44:40,54,BotA,16,12,4,BotA,5,11,6,0,5,1,4,4,0,BotB,5,15,3,0,3,0,2,4,3
588,2026-05-10 08:44:40,60,BotA,16,8,8,BotA,4,13,6,0,4,6,1,1,8,BotB,10,13,3,0,4,3,1,1,2
589,2026-05-10 08:44:40,53,BotB,15,2,13,BotA,6,14,0,0,3,0,8,6,1,BotB,3,13,2,1,5,4,3,2,6
590,2026-05-10 08:44:40,57,BotB,15,12,3,BotA,6,12,4,0,5,4,7,2,1,BotB,6,11,4,1,6,5,5,1,1
591,2026-05-10 08:44:40,50,BotA,16,4,12,BotA,3,11,5,0,7,2,4,3,1,BotB,4,14,2,0,4,3,4,1,3
592,2026-05-10 08:44:40,57,BotB,16,8,8,BotA,6,14,1,1,7,2,3,6,2,BotB,5,15,4,0,4,2,1,4,1
593,2026-05-10 08:44:40,61,BotB,19,9,10,BotA,5,13,4,0,6,10,1,3,4,BotB,5,14,3,1,2,3,5,6,4
594,2026-05-10 08:44:40,54,BotA,16,7,9,BotA,5,12,3,1,6,2,5,5,0,BotB,5,12,3,0,6,5,7,0,1
595,2026-05-10 08:44:40,55,BotB,15,13,2,BotA,9,9,4,1,3,3,4,0,4,BotB,4,9,6,1,4,3,5,3,6
596,2026-05-10 08:44:40,56,BotA,16,15,1,BotA,3,14,3,1,5,0,3,7,3,BotB,5,13,5,1,0,1,3,0,5
597,2026-05-10 08:44:40,56,BotA,16,9,7,BotA,5,11,4,1,0,4,5,6,4,BotB,4,10,2,1,4,12,5,8,1
598,2026-05-10 08:44:40,53,BotB,16,10,6,BotA,4,12,5,0,4,2,4,6,1,BotB,4,11,6,0,4,2,3,3,3
599,2026-05-10 08:44:40,59,BotB,16,13,3,BotA,6,11,3,1,5,7,4,3,5,BotB,6,10,5,1,7,1,6,2,5
600,2026-05-10 08:44:40,56,BotA,15,13,2,BotA,4,13,4,1,6,5,0,2,4,BotB,5,14,4,0,4,4,1,3,3
601,2026-05-10 08:44:40,56,BotA,16,7,9,BotA,3,14,2,2,6,3,4,3,2,BotB,7,14,1,0,3,6,3,1,5
602,2026-05-10 08:44:40,57,BotB,15,12,3,BotA,3,15,4,0,3,3,7,1,5,BotB,4,15,3,0,3,6,3,5,0
603,2026-05-10 08:44:40,54,BotA,15,8,7,BotA,3,13,5,0,1,7,3,4,2,BotB,6,12,3,0,2,2,4,3,5
604,2026-05-10 08:44:40,54,BotA,17,9,8,BotA,4,12,5,0,4,1,7,5,0,BotB,4,14,3,1,2,1,3,5,4
605,2026-05-10 08:44:40,57,BotA,18,15,3,BotA,4,15,3,1,6,0,1,6,1,BotB,3,11,5,0,5,11,7,1,1
606,2026-05-10 08:44:40,54,BotA,15,13,2,BotA,3,11,7,0,6,6,2,1,1,BotB,5,13,4,0,5,0,1,4,5
607,2026-05-10 08:44:41,57,BotB,15,13,2,BotA,6,15,2,1,2,4,2,6,0,BotB,4,16,2,1,5,2,0,4,3
608,2026-05-10 08:44:41,56,BotA,16,6,10,BotA,3,16,4,0,4,0,4,2,5,BotB,6,13,3,0,6,5,5,1,0
609,2026-05-10 08:44:41,60,BotA,15,13,2,BotA,5,15,5,0,1,1,5,1,5,BotB,9,12,1,2,6,1,6,5,0
610,2026-05-10 08:44:41,52,BotA,17,8,9,BotA,3,13,3,1,2,3,7,3,1,BotB,4,15,1,1,6,3,1,3,1
611,2026-05-10 08:44:41,49,BotB,17,5,12,BotA,5,12,2,0,4,5,1,0,6,BotB,2,11,5,0,3,6,5,1,2
612,2026-05-10 08:44:41,54,BotA,15,7,8,BotA,4,13,4,0,5,5,2,2,4,BotB,6,12,4,0,1,3,2,4,4
613,2026-05-10 08:44:41,60,BotB,16,16,0,BotA,5,13,3,1,2,4,8,5,4,BotB,5,10,6,0,8,8,3,1,5
614,2026-05-10 08:44:41,63,BotB,19,14,5,BotA,5,14,6,0,3,0,9,2,4,BotB,3,16,5,0,5,0,5,7,3
615,2026-05-10 08:44:41,63,BotB,17,14,3,BotA,5,13,7,0,4,6,0,6,4,BotB,6,12,5,1,5,6,2,4,3
616,2026-05-10 08:44:41,54,BotA,15,6,9,BotA,3,13,5,0,1,5,5,1,6,BotB,4,14,3,0,4,4,3,1,5
617,2026-05-10 08:44:41,60,BotA,15,12,3,BotA,8,10,6,0,3,0,4,6,3,BotB,4,11,5,0,6,1,10,5,7
618,2026-05-10 08:44:41,56,BotA,19,13,6,BotA,2,14,5,0,0,4,9,4,2,BotB,5,12,5,0,4,4,0,1,7
619,2026-05-10 08:44:41,56,BotA,16,11,5,BotA,4,12,5,0,4,1,4,8,3,BotB,5,15,3,0,0,2,6,2,4
620,2026-05-10 08:44:41,58,BotA,15,11,4,BotA,4,11,5,0,5,7,6,6,0,BotB,6,14,4,0,5,4,1,4,1
621,2026-05-10 08:44:41,53,BotB,15,2,13,BotA,4,15,1,0,5,2,3,3,5,BotB,3,13,5,0,0,4,5,5,1
622,2026-05-10 08:44:41,54,BotA,15,9,6,BotA,3,16,4,0,2,1,2,5,0,BotB,3,18,1,1,5,2,3,0,1
623,2026-05-10 18:10:38,53,Bot,15,7,8,You,3,13,1,1,4,7,7,4,4,Bot,4,11,7,0,4,0,2,1,3
624,2026-05-10 22:45:36,49,Bot,16,4,12,You,1,14,0,0,5,5,7,4,6,Bot,4,13,3,0,1,4,4,3,0
625,2026-05-10 23:00:58,55,Bot,15,12,3,You,2,9,6,0,5,4,7,8,7,Bot,6,12,5,0,3,5,1,1,1
626,2026-05-10 23:04:25,63,BotB,19,13,6,BotA,9,16,4,0,2,2,4,0,0,BotB,5,15,6,0,6,1,1,3,3
627,2026-05-10 23:04:25,53,BotB,17,10,7,BotA,4,13,2,1,6,1,7,5,0,BotB,3,16,2,1,3,4,4,1,0
628,2026-05-10 23:04:25,60,BotA,17,12,5,BotA,4,17,3,0,2,5,3,1,5,BotB,6,12,5,1,5,6,4,0,2
629,2026-05-10 23:04:25,58,BotA,16,14,2,BotA,4,9,7,1,5,4,5,7,1,BotB,5,11,6,0,4,6,7,0,2
630,2026-05-10 23:04:25,52,BotA,15,4,11,BotA,4,14,3,0,4,1,2,3,4,BotB,4,15,1,0,1,3,5,3,5
631,2026-05-10 23:04:25,60,BotA,17,13,4,BotA,5,16,5,0,1,0,4,1,4,BotB,7,12,5,0,5,0,4,5,2
632,2026-05-10 23:04:25,51,BotB,15,12,3,BotA,3,14,1,1,4,4,6,4,2,BotB,3,13,5,0,1,3,4,4,0
633,2026-05-10 23:04:25,52,BotA,17,9,8,BotA,3,12,6,0,1,5,3,2,3,BotB,6,13,2,0,3,4,3,1,3
634,2026-05-10 23:04:25,50,BotA,15,3,12,BotA,2,10,7,0,5,0,4,7,1,BotB,8,13,1,0,2,1,3,0,2
635,2026-05-10 23:04:25,44,BotA,16,3,13,BotA,3,11,4,0,1,4,0,3,4,BotB,4,12,1,0,4,4,1,1,4
636,2026-05-10 23:04:25,53,BotB,15,5,10,BotA,6,12,2,0,2,1,7,2,6,BotB,4,12,4,0,3,4,1,4,5
637,2026-05-10 23:04:25,56,BotA,15,7,8,BotA,3,13,5,0,8,4,4,0,4,BotB,6,14,2,0,0,6,3,3,5
638,2026-05-10 23:04:26,53,BotB,15,12,3,BotA,6,7,4,1,3,4,3,10,2,BotB,4,10,4,1,4,8,4,2,2
639,2026-05-10 23:04:26,67,BotB,16,10,6,BotA,9,13,5,0,2,1,1,4,9,BotB,6,15,4,0,2,5,5,10,0
640,2026-05-10 23:04:26,57,BotB,16,8,8,BotA,7,17,1,0,3,0,2,3,4,BotB,4,12,3,1,10,0,4,2,6
641,2026-05-10 23:04:26,57,BotB,16,15,1,BotA,5,12,7,0,5,4,2,1,2,BotB,4,15,3,0,5,5,3,2,2
642,2026-05-10 23:04:26,52,BotA,15,5,10,BotA,3,10,7,0,5,2,3,7,0,BotB,4,12,3,0,2,8,5,3,0
643,2026-05-10 23:04:26,52,BotA,15,10,5,BotA,5,6,7,0,3,7,7,6,0,BotB,4,11,5,0,2,2,2,6,4
644,2026-05-10 23:04:26,55,BotB,17,16,1,BotA,5,15,3,1,2,6,1,0,1,BotB,3,11,7,1,3,1,6,1,2
645,2026-05-10 23:04:26,50,BotA,18,4,14,BotA,3,9,6,0,5,4,3,0,7,BotB,4,14,2,0,2,1,4,5,2
646,2026-05-10 23:04:26,57,BotB,16,7,9,BotA,5,13,5,0,7,1,4,3,1,BotB,4,12,6,0,6,1,4,5,1
647,2026-05-10 23:04:26,52,BotA,15,12,3,BotA,4,13,4,0,4,6,0,2,2,BotB,6,10,5,0,4,5,0,3,2
648,2026-05-10 23:04:26,58,BotA,16,13,3,BotA,6,12,6,0,2,0,1,2,7,BotB,4,14,2,1,8,2,6,6,0
649,2026-05-10 23:04:26,64,BotB,16,15,1,BotA,4,17,5,0,4,4,7,0,1,BotB,4,17,4,1,1,5,6,3,2
650,2026-05-10 23:04:26,49,BotB,16,2,14,BotA,3,13,1,0,2,5,7,1,6,BotB,4,10,5,0,0,5,1,4,3
651,2026-05-10 23:04:26,61,BotB,17,15,2,BotA,5,10,8,0,9,0,3,7,2,BotB,4,12,6,0,5,6,9,1,0
652,2026-05-10 23:04:26,60,BotA,16,14,2,BotA,7,15,4,0,3,3,2,0,1,BotB,4,14,4,0,3,6,3,0,7
653,2026-05-10 23:04:26,55,BotB,17,7,10,BotA,3,12,4,0,9,8,3,0,4,BotB,3,14,4,0,5,2,5,4,1
654,2026-05-10 23:04:26,59,BotB,15,5,10,BotA,4,18,2,0,5,1,3,1,6,BotB,4,13,2,1,6,0,8,8,2
655,2026-05-10 23:04:26,62,BotB,19,16,3,BotA,5,12,6,0,8,2,0,0,8,BotB,5,13,6,0,3,2,9,3,0
656,2026-05-10 23:04:26,55,BotB,16,9,7,BotA,11,8,2,1,4,5,1,0,5,BotB,3,13,5,0,5,1,6,6,0
657,2026-05-10 23:04:26,57,BotB,18,12,6,BotA,4,11,4,0,9,5,5,4,0,BotB,4,14,5,0,2,3,1,0,7
658,2026-05-10 23:04:26,53,BotB,15,1,14,BotA,5,17,0,0,1,6,4,1,0,BotB,4,15,2,0,2,1,2,5,3
659,2026-05-10 23:04:26,54,BotA,16,8,8,BotA,6,13,4,0,5,0,0,3,3,BotB,6,13,1,1,4,2,2,5,5
660,2026-05-10 23:04:26,52,BotA,15,9,6,BotA,4,14,4,0,3,1,3,2,2,BotB,4,12,2,1,3,3,6,4,5
661,2026-05-10 23:04:26,58,BotA,16,13,3,BotA,0,18,4,0,9,2,3,3,2,BotB,5,13,4,1,8,2,3,3,0
662,2026-05-10 23:04:26,53,BotB,15,11,4,BotA,4,10,5,0,7,4,5,7,1,BotB,2,13,4,0,2,6,4,6,2
663,2026-05-10 23:04:26,55,BotB,15,13,2,BotA,4,15,2,1,2,0,3,4,7,BotB,4,13,5,0,2,1,5,3,2
664,2026-05-10 23:04:26,67,BotB,18,13,5,BotA,4,17,3,1,9,6,2,1,7,BotB,7,13,6,0,4,5,7,2,1
665,2026-05-10 23:04:26,50,BotA,19,6,13,BotA,3,9,6,0,3,6,4,6,1,BotB,5,11,3,0,4,0,3,6,2
666,2026-05-10 23:04:26,59,BotB,17,17,0,BotA,4,14,5,0,1,2,6,4,7,BotB,8,12,4,1,3,1,3,4,0
667,2026-05-10 23:04:26,58,BotA,15,10,5,BotA,8,11,6,0,1,4,3,3,0,BotB,3,15,4,0,4,3,3,0,9
668,2026-05-10 23:04:26,58,BotB,16,15,1,BotA,5,11,6,0,8,5,4,0,2,BotB,5,14,5,0,4,5,5,0,1
669,2026-05-10 23:04:27,60,BotB,16,16,0,BotA,3,13,6,0,2,0,8,7,5,BotB,8,12,6,0,3,5,2,1,0
670,2026-05-10 23:04:27,59,BotA,19,16,3,BotA,4,13,4,1,1,2,5,8,3,BotB,4,9,7,0,10,5,5,1,3
671,2026-05-10 23:04:27,56,BotA,16,14,2,BotA,5,12,5,0,6,1,4,4,2,BotB,3,12,6,0,0,7,4,7,1
672,2026-05-10 23:04:27,56,BotA,16,3,13,BotA,3,11,7,0,5,4,7,3,2,BotB,7,13,1,0,1,7,3,3,5
673,2026-05-10 23:04:27,50,BotA,15,9,6,BotA,3,7,7,0,1,4,6,6,7,BotB,4,12,2,0,1,9,1,5,3
674,2026-05-10 23:04:27,56,BotA,15,14,1,BotA,7,12,4,1,0,1,2,1,6,BotB,2,13,4,1,3,9,5,3,2
675,2026-05-10 23:04:27,55,BotB,19,12,7,BotA,8,10,4,0,5,2,3,3,0,BotB,4,11,4,1,4,9,1,4,1
676,2026-05-10 23:04:27,57,BotB,17,8,9,BotA,7,12,4,0,2,4,7,4,0,BotB,5,15,4,0,2,2,3,4,1
677,2026-05-10 23:04:27,56,BotA,16,15,1,BotA,4,11,4,1,6,4,3,0,7,BotB,3,12,6,0,1,5,9,4,0
678,2026-05-10 23:04:27,54,BotA,15,5,10,BotA,3,12,4,0,4,7,7,3,1,BotB,3,14,2,0,3,1,4,3,8
679,2026-05-10 23:04:27,64,BotA,17,17,0,BotA,4,14,6,0,3,11,2,0,3,BotB,3,12,8,0,10,0,4,7,3
680,2026-05-10 23:04:27,56,BotA,16,10,6,BotA,6,15,3,0,2,1,3,5,0,BotB,6,11,4,1,4,7,1,2,3
681,2026-05-10 23:04:27,58,BotA,16,14,2,BotA,4,11,6,0,7,5,3,0,8,BotB,8,12,5,0,4,4,1,0,3
682,2026-05-10 23:04:27,57,BotB,15,10,5,BotA,6,13,3,1,3,5,0,6,3,BotB,5,14,1,2,2,5,4,2,5
683,2026-05-10 23:04:27,56,BotA,16,10,6,BotA,4,15,3,0,5,3,3,6,0,BotB,6,9,6,0,8,4,2,4,2
684,2026-05-10 23:04:27,60,BotA,17,15,2,BotA,7,13,4,1,3,0,3,7,0,BotB,4,14,5,0,4,8,5,1,1
685,2026-05-10 23:04:27,51,BotB,19,5,14,BotA,5,12,3,0,3,4,6,3,2,BotB,2,11,6,0,5,4,4,2,2
686,2026-05-10 23:04:27,57,BotB,16,4,12,BotA,7,14,2,0,5,3,1,6,2,BotB,3,13,5,0,8,3,0,4,5
687,2026-05-10 23:04:27,51,BotB,18,9,9,BotA,4,11,5,0,2,2,0,6,4,BotB,4,11,6,0,3,5,0,0,3
688,2026-05-10 23:04:27,56,BotA,18,7,11,BotA,5,10,6,0,3,7,1,6,1,BotB,5,13,3,0,4,6,2,5,3
689,2026-05-10 23:04:27,57,BotB,20,12,8,BotA,5,14,5,0,2,2,0,4,6,BotB,5,13,3,1,4,3,0,6,5
690,2026-05-10 23:04:27,59,BotB,15,12,3,BotA,6,10,5,0,0,6,6,2,10,BotB,8,9,4,1,3,5,6,5,1
691,2026-05-10 23:04:27,55,BotB,15,15,0,BotA,5,15,3,1,3,3,3,3,0,BotB,7,8,5,0,2,7,2,4,5
692,2026-05-10 23:04:27,60,BotA,17,14,3,BotA,5,13,2,2,3,2,6,4,6,BotB,4,14,5,0,4,8,5,0,3
693,2026-05-10 23:04:27,64,BotA,18,9,9,BotA,6,16,3,2,3,1,4,5,1,BotB,5,17,3,0,5,5,7,1,1
694,2026-05-10 23:04:27,54,BotA,16,7,9,BotA,5,10,6,0,8,4,2,0,0,BotB,7,12,3,0,4,4,3,1,2
695,2026-05-10 23:04:27,52,BotA,16,6,10,BotA,4,11,6,0,4,4,4,0,3,BotB,6,13,2,0,0,8,2,0,2
696,2026-05-10 23:04:27,55,BotB,18,9,9,BotA,3,12,4,1,2,7,7,0,5,BotB,6,12,4,0,1,4,4,2,3
697,2026-05-10 23:04:27,55,BotB,17,12,5,BotA,7,10,6,0,4,2,5,1,2,BotB,4,14,4,0,3,3,2,2,4
698,2026-05-10 23:04:27,58,BotB,16,15,1,BotA,4,15,4,0,2,4,6,5,0,BotB,8,12,3,0,6,3,3,3,1
699,2026-05-10 23:04:27,53,BotB,19,9,10,BotA,6,12,1,1,0,6,2,2,8,BotB,4,11,6,0,1,3,6,3,1
700,2026-05-10 23:04:27,56,BotA,18,9,9,BotA,5,13,6,0,1,2,4,3,2,BotB,6,10,5,0,1,8,4,1,4
701,2026-05-10 23:04:28,62,BotB,16,15,1,BotA,7,15,5,0,2,4,0,0,4,BotB,4,14,5,0,0,6,10,4,0
702,2026-05-10 23:04:28,53,BotB,15,7,8,BotA,5,13,4,0,1,3,6,0,4,BotB,4,15,3,0,0,1,3,4,4
703,2026-05-10 23:04:28,57,BotB,15,6,9,BotA,6,12,4,0,4,2,4,8,0,BotB,5,13,4,0,0,5,7,0,5
704,2026-05-10 23:04:28,55,BotB,16,5,11,BotA,4,15,2,0,1,4,1,9,3,BotB,4,13,5,0,1,5,2,4,3
705,2026-05-10 23:04:28,63,BotB,15,15,0,BotA,4,16,5,0,4,1,4,9,0,BotB,3,11,7,0,7,9,7,0,2
706,2026-05-10 23:04:28,59,BotB,17,13,4,BotA,3,14,5,0,4,5,5,0,8,BotB,5,14,5,0,0,4,4,0,6
707,2026-05-10 23:04:28,60,BotA,17,12,5,BotA,4,12,5,0,5,6,6,4,2,BotB,10,8,3,1,8,6,4,1,2
708,2026-05-10 23:04:28,52,BotB,16,15,1,BotA,4,8,4,1,5,5,7,3,4,BotB,4,11,5,0,5,3,4,5,1
709,2026-05-10 23:04:28,56,BotA,17,10,7,BotA,5,12,6,0,0,5,3,5,0,BotB,4,11,3,1,4,4,6,1,7
710,2026-05-10 23:04:28,51,BotB,16,9,7,BotA,6,15,0,1,4,2,1,2,1,BotB,2,12,2,2,1,5,5,7,3
711,2026-05-10 23:04:28,55,BotB,17,10,7,BotA,2,12,5,0,5,3,7,6,2,BotB,5,10,6,0,3,6,6,3,0
712,2026-05-10 23:04:28,54,BotA,15,14,1,BotA,7,11,5,0,2,3,5,1,0,BotB,4,12,3,1,6,2,7,4,1
713,2026-05-10 23:04:28,60,BotA,16,14,2,BotA,8,12,3,1,4,4,3,4,3,BotB,5,12,5,0,5,1,4,8,5
714,2026-05-10 23:04:28,61,BotB,15,13,2,BotA,5,13,4,0,4,5,12,3,0,BotB,4,13,5,0,11,4,2,1,3
715,2026-05-10 23:04:28,55,BotB,15,9,6,BotA,5,13,3,0,6,2,1,3,8,BotB,3,15,3,0,3,4,4,3,3
716,2026-05-10 23:04:28,58,BotA,15,8,7,BotA,5,14,4,0,4,2,0,4,7,BotB,6,11,4,0,1,3,7,8,0
717,2026-05-10 23:04:28,56,BotA,16,2,14,BotA,4,15,3,1,4,1,2,5,0,BotB,4,16,1,0,6,1,2,4,6
718,2026-05-10 23:04:28,49,BotB,16,8,8,BotA,4,10,4,0,2,6,6,0,6,BotB,2,11,6,0,1,4,4,2,3
719,2026-05-10 23:04:28,51,BotB,17,6,11,BotA,6,9,3,0,4,3,7,2,5,BotB,4,12,4,0,3,4,2,1,4
720,2026-05-10 23:04:28,56,BotA,16,14,2,BotA,4,15,4,1,2,4,3,2,0,BotB,6,14,4,0,2,5,1,0,2
721,2026-05-10 23:04:28,59,BotB,15,13,2,BotA,7,11,5,0,8,2,6,0,0,BotB,1,12,6,0,1,9,3,4,8
722,2026-05-10 23:04:28,59,BotA,17,15,2,BotA,4,12,7,0,8,4,5,0,2,BotB,4,15,4,0,3,4,4,3,2
723,2026-05-10 23:04:28,53,BotB,15,8,7,BotA,6,10,3,0,1,6,9,4,1,BotB,4,11,5,0,0,5,5,6,2
724,2026-05-10 23:04:28,58,BotA,15,14,1,BotA,4,9,7,0,3,9,7,6,0,BotB,7,12,4,0,1,1,5,7,3
725,2026-05-10 23:04:28,58,BotA,19,11,8,BotA,3,12,5,1,1,5,5,9,3,BotB,5,14,4,0,4,6,0,2,5
